"CON.7","CIA","G 0.14","G 0.15","G 0.16","G 0.17","G 0.18","G 0.19","G 0.20","G 0.29","G 0.30","G 0.31","G 0.35","G 0.36","G 0.39","G 0.42","G 0.45","G 0.46"
"CON.7.A01","",X,,X,X,X,X,,X,X,X,,,,,,
"CON.7.A02","",X,,,,X,,X,X,,X,,,,X,,
"CON.7.A03","",,,,X,X,X,,X,X,,,,,,X,X
"CON.7.A04","",,,X,,,X,,,X,,,,X,,,
"CON.7.A05","",,,X,,,X,,X,X,,,,X,,,
"CON.7.A06","",,,,,,X,,,X,,,,,,,
"CON.7.A07","",X,X,,,,,X,,X,,,,,,,
"CON.7.A08","",,X,,,X,X,X,X,,X,,,,,,
"CON.7.A09","",,,X,,,X,X,,,,,,,,,
"CON.7.A10","",,,,,X,X,,X,,,,X,,,,X
"CON.7.A11","",,,X,X,,,,,X,X,,,,,X,
"CON.7.A12","",,,X,,X,X,,X,,X,,,,,,
"CON.7.A13","",,,X,X,X,X,,,X,,X,,,,X,X
"CON.7.A14","",X,X,,,,X,X,X,,,,X,,,,X
"CON.7.A15","C",,,,,,,,,X,,,X,,,,
"CON.7.A16","I",,,,,,,X,,,X,,,,,X,X
"CON.7.A17","CIA",X,,,,X,,,,X,,X,,,,X,
"CON.7.A18","CI",,,,,X,,,,,X,,,,,,
"INF.5","CIA","G 0.01","G 0.02","G 0.03","G 0.04","G 0.05","G 0.08","G 0.10","G 0.11","G 0.18","G 0.24","G 0.25","G 0.26","G 0.29","G 0.41","G 0.44"
"INF.5.A01","",,,,,,,,,X,,,,,,
"INF.5.A02","",X,X,X,X,X,,,,,,,,,,
"INF.5.A03","",,,,,,,,,,X,,X,,X,X
"INF.5.A04","",,,,,,X,X,,,X,,X,,X,
"INF.5.A05","",,,,,,,,,,,X,X,,,
"INF.5.A06","",X,,,X,,X,X,,,X,X,X,,,
"INF.5.A07","",X,,X,X,,,,,,X,X,X,,,X
"INF.5.A08","",,,,,,X,,,,,X,,,,
"INF.5.A09","",X,,,,,X,,,,X,X,,,,
"INF.5.A10","",,X,,X,,,,,,X,X,X,,,
"INF.5.A11","",X,,X,X,,X,X,,,X,X,X,,,
"INF.5.A12","",,,X,X,,X,X,,X,,,,,X,
"INF.5.A13","",X,,,X,,,,,,X,X,X,X,,
"INF.5.A14","",X,,,X,,X,X,,,X,X,X,,,
"INF.5.A15","",,,,,X,X,X,,,X,X,X,,,
"INF.5.A16","",,,,,,X,X,,,X,X,,,,
"INF.5.A17","",,,,,X,X,X,,,X,X,X,,X,
"INF.5.A18","CA",X,X,X,X,X,,,,,,,,,,
"INF.5.A19","A",,,,,,X,X,,,X,X,X,,,
"INF.5.A20","CIA",,,,,,X,X,,,X,X,,,X,X
"INF.5.A21","A",,,,,,X,X,,,X,X,X,X,,
"INF.5.A22","A",,,,,,X,X,,,X,X,,,,
"INF.5.A23","A",,,,,,X,X,X,,X,X,X,,,
"INF.5.A24","A",,X,,X,,X,X,X,,X,X,X,,,
"INF.5.A25","A",X,,,X,,X,X,,,X,X,X,,,
"INF.5.A26","A",,,,,,X,X,,,,X,X,,,
"NET.4.3","CIA","G 0.02","G 0.04","G 0.08","G 0.14","G 0.16","G 0.18","G 0.19","G 0.22","G 0.27","G 0.31"
"NET.4.3.A01","",X,X,,X,X,X,,,,
"NET.4.3.A02","",X,,,,,X,,,X,X
"NET.4.3.A03","",,,,,,,,,X,X
"NET.4.3.A04","",,,,X,X,X,X,X,,X
"NET.4.3.A05","",,,,,,,,,,
"NET.4.3.A06","",,,,X,,X,X,X,,
"NET.4.3.A07","",,,,,,X,,,,
"NET.4.3.A08","",,,,X,,,X,,,
"NET.4.3.A09","",,,,X,,,,,,
"NET.4.3.A10","",,,,X,,,X,X,,
"NET.4.3.A11","A",,,,X,,,X,X,,X
"NET.4.3.A12","CIA",,,X,,,,,,,
"NET.4.3.A13","CIA",,,X,X,,,,,,
"NET.4.3.A14","A",,,,,,,,,X,X
"NET.4.3.A15","CIA",,,,,X,,,,,
"CON.8","CIA","G 0.14","G 0.15","G 0.18","G 0.19","G 0.20","G 0.22","G 0.23","G 0.25","G 0.28","G 0.29","G 0.30","G 0.31","G 0.32","G 0.39","G 0.40","G 0.41","G 0.46"
"CON.8.A01","",,,X,,,,,,,X,X,X,X,,,,
"CON.8.A02","",,,X,,,,,,,X,,,,,,,
"CON.8.A03","",,,X,,X,,,,,,,,,,,,
"CON.8.A04","",X,X,X,,X,,X,X,X,,,X,X,X,X,X,X
"CON.8.A05","",X,X,X,X,X,,X,X,,,,,,,X,X,X
"CON.8.A06","",X,X,,,X,X,,,,,X,,,,X,,
"CON.8.A07","",,,,,,,,,X,X,,,,,,,
"CON.8.A08","",,,,X,,,,,X,X,,,X,,,,
"CON.8.A09","",,X,,X,X,,,X,,X,,,,,,,
"CON.8.A10","",,,,,,,,,,,X,X,,,,,
"CON.8.A11","",,,,,,,,,,X,,X,,,X,X,X
"CON.8.A12","",,,,,,,,,,X,,,,,,,
"CON.8.A13","",,,,X,,,,,,,,,,,,,
"CON.8.A14","",,,,X,X,,,X,,,,,X,,,,
"CON.8.A15","",,,,X,,X,,,,,,,,,,,
"CON.8.A16","",,X,X,,X,,X,X,,,,X,X,X,X,X,X
"CON.8.A17","CI",,X,,X,X,,,X,,,,,,,,,X
"CON.8.A18","CIA",,,,X,,X,,,X,X,,,,,,,
"CON.8.A19","I",,,,,,,,,,,,X,,,,,
"SYS.3.2.3","CIA","G 0.09","G 0.11","G 0.14","G 0.16","G 0.19","G 0.21","G 0.22","G 0.23","G 0.25","G 0.26","G 0.27","G 0.28","G 0.29","G 0.30","G 0.32","G 0.35","G 0.36","G 0.37","G 0.38","G 0.39","G 0.41","G 0.42","G 0.46"
"SYS.3.2.3.A01","",,,X,X,X,X,X,X,X,,,X,X,X,X,,,X,X,,X,,X
"SYS.3.2.3.A02","",,X,X,,X,,,,,,,,X,,,,X,,X,,,,X
"SYS.3.2.3.A03","",,,,,,,,,,,,,,,,,,,,,,,
"SYS.3.2.3.A04","",,,,,,,,,,,,,,,,,,,,,,,
"SYS.3.2.3.A05","",,,,,,,,,,,,,,,,,,,,,,,
"SYS.3.2.3.A06","",,,,,,,,,,,,,,,,,,,,,,,
"SYS.3.2.3.A07","",,,,,X,X,X,X,,,,,,X,X,X,,X,X,,X,,X
"SYS.3.2.3.A08","",,,,,,,,,,,,,,,,,,,,,,,
"SYS.3.2.3.A09","",,,,,,,,,,,,,,,,,,,,,,,
"SYS.3.2.3.A10","",,,,,,,,X,,,,,,,,,,,,,,,
"SYS.3.2.3.A11","",,,X,,,,,,,,,,,,,,,,,,,X,
"SYS.3.2.3.A12","",,,X,X,X,,,,,,,,,,X,X,X,X,,,X,X,X
"SYS.3.2.3.A13","",,,X,X,X,X,X,X,,X,,X,X,X,X,,X,X,X,,X,X,X
"SYS.3.2.3.A14","",X,X,X,X,X,,,X,,,,,X,,,,,,,,,,
"SYS.3.2.3.A15","",,X,,,X,,,,,,,,X,,,,,,,,,,X
"SYS.3.2.3.A16","",,,,,,,,,,,,,,,,,,,,,,,
"SYS.3.2.3.A17","",,,X,X,X,X,X,X,,,,,,,X,,X,,,,,,X
"SYS.3.2.3.A18","",,,,,,,,,,X,,X,,,,,,,,,,,
"SYS.3.2.3.A19","",,,,,,,,,,,,,,,,,,,,,,,
"SYS.3.2.3.A20","",,,X,,X,,,,,,,,,,,,,,,X,,,X
"SYS.3.2.3.A21","",,,X,,X,X,,,X,X,,X,,,X,,,,,X,X,,X
"SYS.3.2.3.A22","",,,,,,,,,,,,,,,,,,,,,,,
"SYS.3.2.3.A23","CI",,X,,X,,,,,,,X,,,X,,,,,,,,,
"SYS.3.2.3.A24","",,,,,,,,,,,,,,,,,,,,,,,
"SYS.3.2.3.A25","CI",,,,X,X,,,,,,,,X,,,X,,,,,,,X
"SYS.3.2.3.A26","CI",,X,X,X,X,X,X,X,,,,X,X,X,X,X,X,,X,X,X,X,X
"SYS.3.2.3.A27","",,,,,,,,,,,,,,,,,,,,,,,
"SYS.3.2.2","CIA","G 0.11","G 0.13","G 0.14","G 0.15","G 0.16","G 0.17","G 0.18","G 0.19","G 0.21","G 0.22","G 0.23","G 0.24","G 0.25","G 0.28","G 0.29","G 0.30","G 0.31","G 0.32","G 0.36","G 0.37","G 0.38","G 0.39","G 0.45"
"SYS.3.2.2.A01","",,,,,,,X,,,,,,,,X,,,,,,,,
"SYS.3.2.2.A02","",,,,,,,X,,,,,,,,,,,,,,,,
"SYS.3.2.2.A03","",X,,,,,,X,,,,,,,,,,,,,,,,X
"SYS.3.2.2.A04","",,X,X,,,,,,X,X,X,,,,,X,X,,X,,,X,
"SYS.3.2.2.A05","",,X,X,,,,,,X,X,X,,,,,X,X,,X,,,X,
"SYS.3.2.2.A06","",,,,,,,,,,,,,,,,X,X,X,,X,,,
"SYS.3.2.2.A07","",,,X,,X,,,X,X,X,X,X,X,,X,X,X,X,X,,,X,
"SYS.3.2.2.A08","",,,X,,,X,,,,,,,,,,,,,,,,,
"SYS.3.2.2.A09","",,,X,,X,X,,X,X,X,X,,,X,,X,,,X,,X,,X
"SYS.3.2.2.A10","",,,,X,X,,,,,X,,,,,,,,,,,,,
"SYS.3.2.2.A11","",,,,,,,,,,,,,,,,X,,,,,X,,
"SYS.3.2.2.A12","",,,,,,,,,,,X,,,,,X,,X,,,X,,
"SYS.3.2.2.A13","",,,,,,,,,,,,,,,,,,,,,,,
"SYS.3.2.2.A14","CI",,,X,,X,,,X,,X,X,,,X,,X,,,X,,,X,
"SYS.3.2.2.A15","",,,,,,,,,,,,,,,,,,,,,,,
"SYS.3.2.2.A16","",,,,,,,,,,,,,,,,,,,,,,,
"SYS.3.2.2.A17","I",,,,,,,,,,,,,,,X,X,X,X,,X,,,
"SYS.3.2.2.A18","",,,,,,,,,,,,,,,,,,,,,,,
"SYS.3.2.2.A19","CI",,,X,,,,,,,,,,,,,,,,,,,,
"SYS.3.2.2.A20","",,,,,,,X,X,X,,X,,,,X,X,X,X,,,,,
"SYS.3.2.2.A21","",,,X,X,,,X,X,,X,X,,,,X,X,X,X,X,,X,,
"SYS.3.2.2.A22","",,,X,X,X,X,X,X,,,,X,,,X,X,,,X,,X,,
"SYS.3.2.2.A23","CI",,,,,X,,,,X,X,,,,,X,,,,,,,,
"APP.3.1","CIA","G 0.18","G 0.19","G 0.20","G 0.21","G 0.22","G 0.23","G 0.28","G 0.30","G 0.32","G 0.36","G 0.39","G 0.40","G 0.43","G 0.46"
"APP.3.1.A01","",,X,,,X,X,,X,X,X,,,,X
"APP.3.1.A02","",,X,,,X,X,,X,X,X,,,,X
"APP.3.1.A03","",,X,,,X,X,,X,X,X,,,X,X
"APP.3.1.A04","",,X,,X,X,X,,X,X,X,,,X,X
"APP.3.1.A05","",X,,,,,X,,X,,X,,,,
"APP.3.1.A06","",,,,,,,,,,,,,,
"APP.3.1.A07","",X,,,,,X,X,,,,,,,
"APP.3.1.A08","",X,,X,X,,,X,,,,,,,
"APP.3.1.A09","",,X,,X,,X,,X,X,X,,,X,X
"APP.3.1.A10","",,,,,,,,,,,,,,
"APP.3.1.A11","",,X,X,X,X,X,X,X,X,X,X,X,X,X
"APP.3.1.A12","",,X,,,X,X,,X,X,X,,,X,X
"APP.3.1.A13","",,,,,X,X,,X,X,X,,,,X
"APP.3.1.A14","",,,,,X,X,,,,,X,,X,X
"APP.3.1.A15","",,X,,X,,,,,,,,X,,
"APP.3.1.A16","",X,,,,,X,,X,,X,,,,
"APP.3.1.A17","",,X,,X,X,X,,X,X,X,,,X,X
"APP.3.1.A18","",,,,,,,,,,,,,,
"APP.3.1.A19","",,X,,X,X,X,,X,X,X,,,X,X
"APP.3.1.A20","CIA",,X,,X,X,X,,X,X,X,X,X,X,X
"APP.3.1.A21","",,X,,,,,,,X,X,,,,X
"APP.3.1.A22","",,X,,X,X,X,X,X,X,X,X,X,X,X
"APP.3.1.A23","",,X,,,X,X,,X,X,X,X,,,X
"APP.3.1.A24","A",,,,,,,,,,,,X,,
"APP.3.1.A25","CI",,X,,,,,,,,,,,X,
"APP.3.2","CIA","G 0.11","G 0.15","G 0.18","G 0.19","G 0.21","G 0.22","G 0.23","G 0.25","G 0.26","G 0.27","G 0.28","G 0.29","G 0.30","G 0.31","G 0.39","G 0.40","G 0.46"
"APP.3.2.A01","",,,,X,X,X,X,,,,,,,,,,X
"APP.3.2.A02","",,,,X,X,X,X,,,,,,,,,,X
"APP.3.2.A03","",,,,X,,,,,,,,,,,X,X,
"APP.3.2.A04","",,,,,,,,,X,,,,X,,,,
"APP.3.2.A05","",,X,,,,X,X,,,,,,X,,,,
"APP.3.2.A06","",,,,,,,,,,,,,,,,,
"APP.3.2.A07","",,,,,,,,,,,,X,,,,,
"APP.3.2.A08","",,,X,,,,,,,X,,,,X,,,
"APP.3.2.A09","",,,X,,,,,,,X,,,,X,,,
"APP.3.2.A10","",X,,X,,,,,,,,,X,,,,,
"APP.3.2.A11","",,X,,,,,,,,,,,,,,,
"APP.3.2.A12","",,,,X,,,,X,X,,,,,,,,
"APP.3.2.A13","",,,,,,,,,,,,,X,,,,
"APP.3.2.A14","",,,,,,,,,,,,,,,X,,X
"APP.3.2.A15","",,,,,,,,X,,,,,,,X,,
"APP.3.2.A16","",,,,,,X,X,,,,X,,,,,,
"APP.3.2.A17","CI",,,,,,X,X,,,,,,X,,,,
"APP.3.2.A18","A",,,,,,,,X,X,,,,,,,X,
"APP.3.2.A19","",,,,,,,,,,,,,,,,,
"APP.3.2.A20","",,,,,,,X,,,X,X,,,,,,
"APP.1.4","CIA","G 0.09","G 0.14","G 0.15","G 0.16","G 0.17","G 0.18","G 0.19","G 0.20","G 0.21","G 0.23","G 0.25","G 0.26","G 0.28","G 0.29","G 0.32","G 0.36","G 0.38","G 0.39","G 0.42"
"APP.1.4.A01","",X,X,X,X,X,X,X,,,,X,X,,X,,,X,,
"APP.1.4.A02","",,X,X,X,X,X,X,,,X,,,,X,,,,,X
"APP.1.4.A03","",,X,,,,X,X,X,X,X,,,,X,X,,,X,
"APP.1.4.A04","",,,,,,X,,,,,,X,X,X,X,,,X,
"APP.1.4.A05","",,X,X,,,,X,,X,,,,,X,X,,X,X,X
"APP.1.4.A06","",,,,,,,,,,,X,X,X,,,,,,
"APP.1.4.A07","",,X,,X,X,,X,,,,,,,,,,,,
"APP.1.4.A08","",,X,X,,,,X,,,,,,,X,,,X,,
"APP.1.4.A09","",X,X,X,,,,X,,,X,,,,,,,,,
"APP.1.4.A10","",X,X,X,,,,X,,,X,,,,,X,X,,,
"APP.1.4.A11","",,,,,,X,,,,,,,,X,,,,,
"APP.1.4.A12","",,X,,,,X,X,,,,,,,X,,,X,,
"APP.1.4.A13","A",X,,,,,X,,,,,X,X,,,,,,,
"APP.1.4.A14","CI",,X,,X,X,X,X,,,X,,,,X,X,X,,,
"APP.1.4.A15","CIA",,,,,,,,,X,X,X,X,X,,,,,,
"OPS.2.2","CIA","G 0.09","G 0.11","G 0.14","G 0.15","G 0.18","G 0.19","G 0.22","G 0.25","G 0.26","G 0.29","G 0.30","G 0.32","G 0.35","G 0.40","G 0.45"
"OPS.2.2.A01","",,X,,,X,,,,,X,,,,,
"OPS.2.2.A02","",X,X,X,X,X,X,X,X,X,X,X,X,X,X,X
"OPS.2.2.A03","",,,,,X,,,,,X,,,,,
"OPS.2.2.A04","",,,,,X,,,X,X,,,,,,
"OPS.2.2.A05","",,,,,X,X,,X,X,,,,,,
"OPS.2.2.A06","",,,,,X,X,,X,X,,,,,,
"OPS.2.2.A07","",X,X,X,X,X,X,X,X,X,X,X,X,X,X,X
"OPS.2.2.A08","",,X,,,,,,,,,,,,,
"OPS.2.2.A09","",,X,,,X,,,,,X,,,,,
"OPS.2.2.A10","",,,,,X,X,,X,X,,,,,,
"OPS.2.2.A11","",X,X,,,,,,X,X,,,,,,
"OPS.2.2.A12","",,,,,X,,,X,X,X,X,X,,,
"OPS.2.2.A13","",,,,,X,,,X,X,X,X,X,,,
"OPS.2.2.A14","",,X,,,,,,,,,,,,,
"OPS.2.2.A15","A",,X,,,,,,X,X,,,,,,
"OPS.2.2.A16","IA",,X,,,,,,,,,,,,,X
"OPS.2.2.A17","IA",,,X,X,,,,,,,,,,,
"OPS.2.2.A18","CIA",,,,,,,,,,,X,X,,,
"OPS.2.2.A19","CIA",,,X,,,X,,,,X,X,X,X,,
"SYS.2.4","CIA","G 0.14","G 0.16","G 0.17","G 0.18","G 0.19","G 0.21","G 0.23","G 0.28","G 0.29","G 0.30","G 0.31","G 0.32","G 0.39","G 0.45","G 0.46"
"SYS.2.4.A01","",,,,X,,,,,X,X,X,,,X,X
"SYS.2.4.A02","",X,,,,X,X,X,,,,,,X,,
"SYS.2.4.A03","",,,,X,,,X,,,X,X,X,,,
"SYS.2.4.A04","",X,X,X,,X,,,,,X,,,,,
"SYS.2.4.A05","",X,,,,X,X,X,X,,,,,,,
"SYS.2.4.A06","",,,,X,,,,X,,,,,,,
"SYS.2.4.A07","",X,,,X,X,,,,,,,,,,
"SYS.2.4.A08","",X,,,X,X,,,,X,,,,,X,
"SYS.2.4.A09","",X,,,,X,X,X,,,,,,X,,
"SYS.2.4.A10","",,,,X,X,,X,,,,,X,X,,
"SYS.2.4.A11","",X,,,X,X,,,,X,,,,,X,
"SYS.2.4.A12","CIA",X,X,X,,X,X,X,,,X,X,,,,X
"APP.2.3","CIA","G 0.11","G 0.15","G 0.22","G 0.23","G 0.25","G 0.26","G 0.27","G 0.29","G 0.30","G 0.38","G 0.43","G 0.45"
"APP.2.3.A01","",,X,,X,X,,X,,,,X,
"APP.2.3.A02","",,X,,,,,,,X,,,
"APP.2.3.A03","",,X,,,,,,X,X,,,
"APP.2.3.A04","",X,,X,,,,,X,,,X,X
"APP.2.3.A05","",,X,X,,,,,X,,,,
"APP.2.3.A06","",,X,,,,,,X,,,,
"APP.2.3.A07","",,,,,,X,,,X,,,
"APP.2.3.A08","",,,,,,,,,,,,X
"APP.2.3.A09","",,X,,,,X,,,,,X,
"APP.2.3.A10","",,X,,,,,,,X,,,
"APP.2.3.A11","",,X,,,,,X,,,X,,
"APP.2.3.A12","",,X,,,,,,,,,,
"APP.2.3.A13","",,X,,,,,,,,,X,
"INF.6","CIA","G 0.01","G 0.02","G 0.03","G 0.04","G 0.16","G 0.19","G 0.21","G 0.24","G 0.32","G 0.44","G 0.45","G 0.46"
"INF.6.A01","",X,,,,,,,,,X,,
"INF.6.A02","",,,,,X,X,X,X,X,X,,X
"INF.6.A03","",X,,,X,X,X,X,X,,X,,X
"INF.6.A04","",X,,X,X,X,X,X,X,X,,,X
"INF.6.A05","",,,,,X,,,,,,,
"INF.6.A06","",,,X,,,,,,,,X,
"INF.6.A07","",,X,,,,,,,,,,
"INF.6.A08","",X,,X,,X,X,X,X,X,X,,X
"INF.6.A09","CIA",X,,X,,,,,,,X,,
"SYS.1.7","CIA","G 0.14","G 0.18","G 0.19","G 0.20","G 0.21","G 0.22","G 0.23","G 0.25","G 0.26","G 0.27","G 0.28","G 0.30","G 0.31","G 0.32","G 0.33","G 0.36","G 0.37","G 0.39","G 0.40","G 0.43","G 0.45","G 0.46"
"SYS.1.7.A01","",X,,X,,X,X,X,,,,,X,,X,,X,X,,X,,X,X
"SYS.1.7.A02","",X,,X,,X,X,X,,,,,X,,X,,X,X,,X,,X,X
"SYS.1.7.A03","",,,,X,X,X,X,X,X,,X,X,,,,,,,X,X,X,X
"SYS.1.7.A04","",,X,X,,,,,,,,,,X,,,,,,,,X,X
"SYS.1.7.A05","",X,,X,,X,X,X,,,,,X,,,,,,,,X,X,X
"SYS.1.7.A06","",X,,X,X,X,X,X,,,,,X,,,,X,,,,X,X,X
"SYS.1.7.A07","",X,,X,,X,X,X,,,,,X,,X,,X,X,,,,X,X
"SYS.1.7.A08","",X,X,X,,X,X,X,,,,,X,,X,,X,X,X,,,X,X
"SYS.1.7.A09","",X,X,X,,X,X,,,,,,X,X,X,,X,X,X,,X,X,X
"SYS.1.7.A10","",X,,X,,,X,X,,,,,X,,,,,,,X,X,X,X
"SYS.1.7.A11","",X,,X,,,,X,,,,,X,,X,,X,X,,,X,,
"SYS.1.7.A12","",,X,,,,,,,,X,,,X,,X,,,,,,,
"SYS.1.7.A13","",,X,X,,,,,,,,,X,X,X,,,,,,,X,X
"SYS.1.7.A14","",X,X,X,,X,X,,,,,,X,X,X,,X,X,X,X,X,X,X
"SYS.1.7.A15","",X,X,X,,X,X,,,,,,X,X,X,,X,X,X,X,X,X,X
"SYS.1.7.A16","",X,X,X,,X,X,X,X,X,X,,X,X,X,,X,X,X,X,X,X,X
"SYS.1.7.A17","",,X,,,,,,X,X,,,,X,,,,,,,,X,
"SYS.1.7.A18","",,X,,,,,,,,X,,,X,,X,,,,,,,
"SYS.1.7.A19","",X,,X,,X,X,X,,,,,X,,X,,X,X,,,,X,X
"SYS.1.7.A20","",,X,X,,,,X,,X,,,X,,,,X,,,,,,
"SYS.1.7.A21","",,X,,,,,,X,X,,,,X,,X,,,,,,,
"SYS.1.7.A22","",X,X,X,,X,X,X,X,X,,,X,X,X,,X,X,,,,X,X
"SYS.1.7.A23","",X,X,X,X,X,X,X,,,,X,X,X,X,,X,X,,X,,X,X
"SYS.1.7.A24","",X,X,X,,X,X,X,,X,X,,X,,X,,X,X,X,,,X,X
"SYS.1.7.A25","",,X,,,,,,X,X,X,,,X,,,,,,,,X,
"SYS.1.7.A26","",,,X,,X,X,X,X,X,X,,X,,X,,X,X,,,,X,X
"SYS.1.7.A27","",,X,,,,,,X,X,,X,,X,,,,,,,,X,X
"SYS.1.7.A28","",,X,,,,,,X,X,X,,,,,,,,,,,,
"SYS.1.7.A29","",X,,X,,X,X,X,X,X,X,,X,,X,,X,X,,,,X,X
"SYS.1.7.A30","",X,,X,,,,X,,,,,X,,X,,X,X,,,X,,
"SYS.1.7.A31","",,X,,,,,,X,X,,,,X,,X,,,,X,,X,
"SYS.1.7.A32","CIA",,X,,,,,,,,,,,X,,,,,,,,,
"SYS.1.7.A33","CIA",X,,X,X,X,X,X,X,X,,X,X,X,X,,X,X,X,,X,X,X
"SYS.1.7.A34","CIA",X,X,X,,X,X,X,X,X,X,,X,,X,,X,X,,,,X,X
"SYS.1.7.A35","CIA",X,,X,,X,X,X,X,X,,,X,,X,,X,X,,,,X,X
"SYS.1.7.A36","CIA",X,,X,,,X,X,,,X,,X,,,,X,X,X,X,X,,X
"SYS.1.7.A37","CIA",,X,,,,,,X,X,X,,,,,,,,,X,,X,
"SYS.1.7.A38","CIA",X,,X,,,X,X,,,,,X,,,,,,,X,X,X,X
"SYS.3.3","CIA","G 0.14","G 0.15","G 0.16","G 0.17","G 0.19","G 0.22","G 0.23","G 0.25","G 0.27","G 0.29","G 0.31"
"SYS.3.3.A01","",X,X,,,X,X,,,X,,X
"SYS.3.3.A02","",,,,,X,X,X,,,X,
"SYS.3.3.A03","",X,X,X,,X,,,,X,X,X
"SYS.3.3.A04","",X,X,X,X,X,,,,,X,
"SYS.3.3.A05","",X,,,,X,X,,,,,
"SYS.3.3.A06","",,,,,,,,,,,X
"SYS.3.3.A07","",,,,,,,,,X,,
"SYS.3.3.A08","",X,X,,,,X,X,,,,
"SYS.3.3.A09","",,,,,,,,X,X,,
"SYS.3.3.A10","",X,X,,,,X,X,,,,
"SYS.3.3.A11","",,,,,,,,X,,,
"SYS.3.3.A12","",,,,,,,,,X,,
"SYS.3.3.A13","C",X,,,,X,,,,,X,
"SYS.3.3.A14","C",X,,,,X,,,,,X,
"SYS.3.3.A15","C",X,X,,,,,,,,,
"SYS.4.3","CIA","G 0.04","G 0.15","G 0.18","G 0.19","G 0.20","G 0.21","G 0.22","G 0.23","G 0.24","G 0.25","G 0.26","G 0.28","G 0.29","G 0.30","G 0.31","G 0.37","G 0.39","G 0.46"
"SYS.4.3.A01","",,,X,,,,,,,,,,X,,X,,,
"SYS.4.3.A02","",,,,,,,,X,,,,,,X,,,,
"SYS.4.3.A03","",,,,,,X,X,X,,X,X,,,X,,X,,
"SYS.4.3.A04","",,,X,,X,,,,,,,,,,,,,
"SYS.4.3.A05","",X,,,,,,,,,X,,,,,,,,
"SYS.4.3.A06","",,,,,,,,X,,,,,,X,,,,
"SYS.4.3.A07","",,,,,,X,X,X,X,,,,,,,,,
"SYS.4.3.A08","",,X,,,X,X,X,X,,,,X,,,,,,X
"SYS.4.3.A09","",,X,,,,X,X,X,,,,,,,,,,X
"SYS.4.3.A10","",,,,,,,,,,X,,,,,X,,,
"SYS.4.3.A11","",,X,,X,,,,,,,,,,,,,,
"SYS.4.3.A12","CIA",X,,X,,X,X,X,,,,,,,X,,,,
"SYS.4.3.A13","CIA",,X,,,X,X,X,X,,,,X,,,,,,X
"SYS.4.3.A14","CI",,,,,,X,X,,,,,,,X,,,X,
"SYS.4.3.A15","CI",,,,,,X,X,,,,,,,,,,X,
"SYS.4.3.A16","CI",,,,,,X,X,,X,,,,,,X,,,
"SYS.4.3.A17","IA",,,,,,X,X,,,X,X,,,,,,,X
"SYS.4.3.A18","C",,X,,,,X,,,,,,,,,,,,X
"APP.4.2","CIA","G 0.14","G 0.21","G 0.22","G 0.23","G 0.25","G 0.28","G 0.30","G 0.31","G 0.32","G 0.39","G 0.43","G 0.45","G 0.46"
"APP.4.2.A01","",X,,,X,X,X,X,X,X,X,X,X,X
"APP.4.2.A02","",X,,,X,X,X,X,X,X,X,X,X,X
"APP.4.2.A03","",X,,,,,,,,,,X,,
"APP.4.2.A04","",X,,X,X,X,X,X,X,X,X,X,X,X
"APP.4.2.A05","",X,,X,X,X,X,X,X,X,X,X,X,X
"APP.4.2.A06","",X,,X,X,X,X,X,X,X,X,X,X,X
"APP.4.2.A07","",X,,X,X,X,X,X,X,X,X,X,X,X
"APP.4.2.A08","",X,,X,X,X,X,X,X,X,X,X,X,X
"APP.4.2.A09","",,,,,X,,,,,,,,
"APP.4.2.A10","",,,,,,X,,,,,,,
"APP.4.2.A11","",X,,,X,X,X,X,X,,,,X,X
"APP.4.2.A12","",X,,X,,,,,,X,,,,X
"APP.4.2.A13","",,,,X,,,,,,,,,
"APP.4.2.A14","",,,X,,,,X,,X,,,,
"APP.4.2.A15","",X,,,X,,,X,,,,,,
"APP.4.2.A16","",X,,,X,,,X,,,,,,
"APP.4.2.A17","",X,,,X,,,X,,,,,,
"APP.4.2.A18","",X,,,X,,,,,,,,,
"APP.4.2.A19","",,,,X,,,,,,,,,
"APP.4.2.A20","",,,,X,,,,,,,,,
"APP.4.2.A21","",,X,X,X,,,X,X,X,,,,
"APP.4.2.A22","",X,,X,,,,,,,,,,X
"APP.4.2.A23","",X,,X,,,,,,,,,,X
"APP.4.2.A24","",,,,X,,,,,,,,,
"APP.4.2.A25","",,,,X,,,,,,,,,
"APP.4.2.A26","",X,X,X,X,X,X,X,,,X,X,X,X
"APP.4.2.A27","",X,,X,X,,,X,X,,,,,
"APP.4.2.A28","",,,,,X,,,,,,,,
"APP.4.2.A29","",,,,,X,,,,,,,X,X
"APP.4.2.A30","",X,X,X,X,X,X,X,X,X,,X,X,X
"APP.4.2.A31","",,,,X,,,,,,,,,
"APP.4.2.A32","CIA",X,X,X,X,X,X,X,X,X,X,X,X,X
"IND.2.7","CIA","G 0.05","G 0.06","G 0.09","G 0.11","G 0.14","G 0.15","G 0.18","G 0.19","G 0.20","G 0.21","G 0.23","G 0.28","G 0.29","G 0.30","G 0.32","G 0.36","G 0.37","G 0.39","G 0.41","G 0.42","G 0.46"
"IND.2.7.A01","",,,,,X,X,,X,,X,X,,,X,,,,,X,X,X
"IND.2.7.A02","",,,,,X,X,,X,,X,X,,,X,,,,,X,X,X
"IND.2.7.A03","",,,,,,,,,,X,,,,,,,,,X,X,X
"IND.2.7.A04","",X,X,X,X,X,X,,X,X,X,X,X,X,X,X,X,X,X,X,X,
"IND.2.7.A05","",X,X,X,X,X,,,,,,,,,,,,,,X,,
"IND.2.7.A06","",X,X,X,X,X,X,X,X,X,X,X,,,,,,,,X,,
"IND.2.7.A07","",,X,X,,X,X,,X,,X,X,,,,,,,,X,X,X
"IND.2.7.A08","",,,,,,,,,X,X,X,,,,,,,,X,,X
"IND.2.7.A09","",,,X,,X,X,,X,,X,X,,,,,,,,X,,X
"IND.2.7.A10","",,,,,,,,,,,X,,,,,,,,X,X,
"IND.2.7.A11","",,X,,,X,X,,X,X,X,X,,,,,,,,X,X,X
"IND.2.7.A12","I",,,,,,,,,X,X,X,X,,,,,,,X,,
"NET.4.2","CIA","G 0.09","G 0.15","G 0.18","G 0.19","G 0.20","G 0.21","G 0.23","G 0.26","G 0.27","G 0.28","G 0.30","G 0.31","G 0.32","G 0.40","G 0.45","G 0.46"
"NET.4.2.A01","",X,X,X,,,,,X,X,,,,,,,X
"NET.4.2.A02","",,,,,X,X,,,,X,X,X,,,X,
"NET.4.2.A03","",,,,,X,X,,,,X,X,,X,,,
"NET.4.2.A04","",X,,,,,,X,,,,,,X,X,,
"NET.4.2.A05","",,,,,,X,,,,,X,X,,,,
"NET.4.2.A06","",,,,X,,X,,X,X,,X,,,,,
"NET.4.2.A07","",,X,,X,,,,,,,X,X,X,,X,X
"NET.4.2.A08","",,X,,X,,,,,,,,,,,,X
"NET.4.2.A09","",X,X,X,,,,,,,,,,X,,,
"NET.4.2.A10","",,,,,,,,X,,,,X,,,,
"NET.4.2.A11","",,,,X,,,X,,,,X,,,,,
"NET.4.2.A12","",X,,,,,,,,X,,,,,X,,
"NET.4.2.A13","",,X,,,,,,,,,,,,,,X
"NET.4.2.A14","CI",,X,,,,,,,,,,,,,,X
"NET.4.2.A15","CI",X,,X,X,,,,,,,X,,,X,,
"NET.4.2.A16","CIA",X,,X,X,,,,,,,X,,,X,,
"NET.4.1","CIA","G 0.09","G 0.11","G 0.14","G 0.15","G 0.18","G 0.19","G 0.21","G 0.25","G 0.26","G 0.30","G 0.31","G 0.42"
"NET.4.1.A01","",,X,,,X,,,,,,,
"NET.4.1.A02","",X,X,,,X,,,,,,,
"NET.4.1.A03","",,,X,X,,X,X,,,X,,
"NET.4.1.A04","",,,X,X,,X,X,,,X,,
"NET.4.1.A05","",,,,X,,,,,,,X,
"NET.4.1.A06","",,,,,X,X,,,,,X,
"NET.4.1.A07","",,,X,X,,X,X,X,,X,,
"NET.4.1.A08","",,,X,X,,X,,,,,X,X
"NET.4.1.A09","",,,,,,,,,,,X,X
"NET.4.1.A10","",,,X,,,,,,X,,,
"NET.4.1.A11","",,,,,,X,,,,,,
"NET.4.1.A12","",,,,,,X,,,,,,
"NET.4.1.A13","",X,,,,X,,,,,,,
"NET.4.1.A14","",X,,,,,,,,X,,,
"NET.4.1.A15","",X,X,,,,,,,,,,
"NET.4.1.A16","",,,,,,,X,,,X,,
"NET.4.1.A17","",,,,X,,X,X,,,X,,
"NET.4.1.A18","CI",,,,,,,X,,,X,,
"NET.4.1.A19","A",X,X,,,,,,X,,,,
"APP.4.6","CIA","G 0.14","G 0.16","G 0.19","G 0.22","G 0.28","G 0.39","G 0.45","G 0.46"
"APP.4.6.A01","",X,,X,X,X,,X,X
"APP.4.6.A02","",X,,X,X,X,,X,X
"APP.4.6.A03","",X,,X,,X,,,
"APP.4.6.A04","",X,,X,X,X,,X,X
"APP.4.6.A05","",,,,,X,,,
"APP.4.6.A06","",,,,,X,,,X
"APP.4.6.A07","",,,,,X,,,X
"APP.4.6.A08","",X,X,X,X,X,,X,X
"APP.4.6.A09","",X,,X,,X,,,
"APP.4.6.A10","",X,X,X,X,X,X,X,X
"APP.4.6.A11","",X,,X,X,X,X,X,X
"APP.4.6.A12","",X,,X,X,X,,X,X
"APP.4.6.A13","",X,,X,X,X,,X,X
"APP.4.6.A14","",X,X,X,X,X,,X,X
"APP.4.6.A15","",X,X,X,,X,,X,
"APP.4.6.A16","",X,X,X,X,,,X,X
"APP.4.6.A17","",X,X,X,X,,,X,X
"APP.4.6.A18","",X,X,X,X,X,,X,X
"APP.4.6.A19","",X,X,X,X,X,X,X,X
"APP.4.6.A20","",,X,X,X,X,,X,X
"APP.4.6.A21","",X,X,X,X,,X,X,X
"APP.4.6.A22","CIA",,,,,X,,,
"INF.2","CIA","G 0.01","G 0.02","G 0.03","G 0.04","G 0.06","G 0.07","G 0.08","G 0.10","G 0.11","G 0.15","G 0.16","G 0.24","G 0.25","G 0.26","G 0.29","G 0.30","G 0.31","G 0.32","G 0.34","G 0.41","G 0.44"
"INF.2.A01","",,,,,X,X,,,,,,,,,X,,,,,,
"INF.2.A02","",X,,,,,,X,X,,,,X,X,,,,,,,,
"INF.2.A03","",,,,,,,X,,,,,,,,,,,,,,
"INF.2.A04","",X,,,,,,X,,,,,X,,X,,,,,,,
"INF.2.A05","",,X,,,,,,,,,,,,,,,,,,,
"INF.2.A06","",,,,,,,,,,,X,,,,,X,,X,,,X
"INF.2.A07","",,,,,,,,,,,X,,,,,X,,X,,,X
"INF.2.A08","",X,,,,,,X,X,,,,X,X,,,,,,,,
"INF.2.A09","",X,,,,,,X,X,,,,X,X,,,,,,,,
"INF.2.A10","",X,,,,,,X,X,,,,,X,,,,,,,,
"INF.2.A11","",,,,,,,,X,,,,X,,X,,,X,,,,
"INF.2.A12","",,,,,,X,,,,,X,,,,,X,,,,X,X
"INF.2.A13","",X,,X,X,X,X,X,X,,,X,X,X,X,,X,X,,X,X,X
"INF.2.A14","",,,,,,,X,,,,,,,,,,,,,,
"INF.2.A15","",X,,,,,,,,,,,,X,,,,,,,,
"INF.2.A16","",,X,,,,,,,,,,,,,,,,,,,
"INF.2.A17","",X,,,,,,X,X,,,,X,X,,,,,,,,
"INF.2.A18","",,,,,,,,,,,,,,,,,,,,,
"INF.2.A19","",,,,,,,X,X,,,,,,X,X,,,,,,
"INF.2.A20","",,,,,,,,,,,,,,X,X,X,X,,,,
"INF.2.A21","A",,,,,X,X,X,X,X,,,,,,,,,,X,,
"INF.2.A22","IA",,X,X,,,,,,,,,,,,,,,,,,
"INF.2.A23","A",,,,,,,X,X,,X,,,,X,,X,,,,X,
"INF.2.A24","IA",,,,,,,,,,,X,,,,X,X,,,,X,
"INF.2.A25","A",,,,,,,X,,,,,,,,,,,,,,
"INF.2.A26","A",,,,,,,X,,,,,,,,,,,,,,
"INF.2.A27","CA",,,,,,,,,,,,,,,X,,X,,,,
"INF.2.A28","IA",X,X,,X,X,X,X,X,,,X,X,X,X,,X,X,,X,X,X
"INF.2.A29","",,,X,,,,,,,,,X,X,,,,,,,,
"INF.2.A30","",X,,,,,,X,X,,,,X,X,,,,,,,,
"NET.1.2","CIA","G 0.09","G 0.11","G 0.14","G 0.18","G 0.19","G 0.22","G 0.23","G 0.25","G 0.27","G 0.29","G 0.30","G 0.39","G 0.40","G 0.43"
"NET.1.2.A01","",,,X,X,X,X,X,X,,X,X,,X,X
"NET.1.2.A02","",X,X,X,X,X,X,X,X,X,X,X,X,X,X
"NET.1.2.A03","",,,X,,X,X,,,,X,X,,,X
"NET.1.2.A04","",,,X,,X,X,,,,X,X,,,X
"NET.1.2.A05","",,,X,X,X,X,X,,,,X,X,X,X
"NET.1.2.A06","",,,X,,X,X,X,,X,,,,X,X
"NET.1.2.A07","",,X,,,X,X,,,,X,X,X,X,
"NET.1.2.A08","",X,,X,,,X,X,X,,,,,,
"NET.1.2.A09","",X,,X,,X,X,X,X,X,X,X,X,X,X
"NET.1.2.A10","",,,X,,,X,X,,,,X,X,X,X
"NET.1.2.A11","",,,X,X,X,X,X,X,,X,X,,X,X
"NET.1.2.A12","",X,,,X,,,,,X,X,,,,
"NET.1.2.A13","",X,X,X,X,X,X,X,X,,X,X,,X,
"NET.1.2.A14","",X,X,X,X,X,X,X,X,X,X,X,X,X,X
"NET.1.2.A15","",X,,,,,,,X,X,,,,,
"NET.1.2.A16","",X,X,,X,,,X,X,X,X,X,,,
"NET.1.2.A17","",,,,X,,,X,,X,X,,,,
"NET.1.2.A18","",X,,,X,X,,X,,,X,,,,
"NET.1.2.A19","",,,X,,X,X,X,,,X,X,X,X,X
"NET.1.2.A20","",,,X,,X,X,X,,,,X,X,X,X
"NET.1.2.A21","",,,X,,X,X,X,,,,X,X,X,X
"NET.1.2.A22","",,,X,,X,X,X,,,,X,,,
"NET.1.2.A23","",X,X,,X,X,X,X,,,X,X,X,,
"NET.1.2.A24","",X,,,X,,,,X,,,,,,
"NET.1.2.A25","",X,X,,X,,,X,X,X,,,,X,
"NET.1.2.A26","",X,X,,,,,X,X,X,,X,X,X,X
"NET.1.2.A27","",X,X,,,,,,X,,,,,,
"NET.1.2.A28","",X,,,X,,,X,,,,X,,,
"NET.1.2.A29","",,,X,,X,,X,,,,X,,,
"NET.1.2.A30","A",X,X,,X,,,,X,X,,,,X,
"NET.1.2.A31","IA",,,X,,X,X,X,,,X,X,X,X,X
"NET.1.2.A32","CIA",X,,X,,X,X,X,X,X,X,X,X,X,X
"NET.1.2.A33","CIA",X,,X,,X,X,X,,,X,X,X,X,X
"NET.1.2.A34","CI",,,,,,X,X,,,X,X,,,X
"NET.1.2.A35","CIA",,,,X,X,X,X,,,X,X,X,X,X
"NET.1.2.A36","CIA",X,,X,X,X,X,X,X,,X,X,X,X,X
"NET.1.2.A37","CI",X,X,X,,,X,X,X,,,,,,
"NET.1.2.A38","A",X,X,,X,,,,X,,,,,X,
"SYS.1.8","CIA","G 0.08","G 0.11","G 0.15","G 0.16","G 0.18","G 0.19","G 0.20","G 0.21","G 0.22","G 0.23","G 0.24","G 0.25","G 0.26","G 0.27","G 0.28","G 0.29","G 0.30","G 0.31","G 0.32","G 0.40","G 0.44","G 0.45","G 0.46"
"SYS.1.8.A01","",X,,,X,,,,,,,X,,,,,,,,,,X,,
"SYS.1.8.A02","",,,X,,,X,X,,,X,,,,,X,,,,,,,X,X
"SYS.1.8.A03","",,,,,,,,,,,,,,,,,X,,X,,,,
"SYS.1.8.A04","",,,X,,,,,,X,X,,,,,,,X,,,,,,
"SYS.1.8.A05","",,,,,,,,,,,,,X,X,,,,,,,,,
"SYS.1.8.A06","",,,,,X,,,,,,,,,X,X,X,,,,,,,
"SYS.1.8.A07","",,,,,X,,,,,,,,,X,X,X,,,,,,,
"SYS.1.8.A08","",,,,,X,,X,,,,,,,,,,,,,,,,
"SYS.1.8.A09","",,X,,,X,,,,,,,,,,,,,,,,,,
"SYS.1.8.A10","",,,,,X,,,,,,,,,,,,,,,,,,
"SYS.1.8.A11","",,,,,,,,,,,,X,X,X,,,,,,,,,
"SYS.1.8.A12","",,,,,,X,,,,,,,,,,,,X,,,,,
"SYS.1.8.A13","",,,,,,,,,,,,,X,X,,,,,,,,,
"SYS.1.8.A14","",,,X,,,,,,X,X,,,,,,,,,,,,,
"SYS.1.8.A15","",,,X,,,,,,X,X,,,,,,,,,,,,,
"SYS.1.8.A16","",,,,,,X,,,,,,,,,,,,,,,,,
"SYS.1.8.A17","",,,,,,,,,,,,X,X,,,,,,,,,,
"SYS.1.8.A18","",,,,,,,,,X,X,,,,,X,,X,,,,,,
"SYS.1.8.A19","",,,,,,X,,,,,,,,,,,,,,,,,
"SYS.1.8.A20","",,,,,,,,,,,,,X,,,,,,,,,X,
"SYS.1.8.A21","CI",,,X,,,,,,X,X,,,,,,,,,,,,,
"SYS.1.8.A22","A",,,,,,,,,,,,X,,,,,,,,X,,,X
"SYS.1.8.A23","CI",,,X,,,,,,,,,,,,,,,,,,,,
"SYS.1.8.A24","I",,,,,,,,,,,,,,,,,,,,,,,X
"SYS.1.8.A25","C",,,,,,X,,,,,,,,,,,,,,,,,
"SYS.1.8.A26","CIA",,,X,,,,,,X,X,,,,,,,,,,,,,
"CON.1","CIA","G 0.13","G 0.14","G 0.15","G 0.18","G 0.19","G 0.20","G 0.21","G 0.22","G 0.25","G 0.26","G 0.27","G 0.28","G 0.29","G 0.30","G 0.31","G 0.32","G 0.45","G 0.46"
"CON.1.A01","",,,,X,,,,,,,,,X,,,,,
"CON.1.A02","",,,,X,X,,,,,,,,,,,,X,X
"CON.1.A03","",,X,X,,X,,,X,,,,,,,,,,
"CON.1.A04","",,,,X,X,X,,,,,,,,,,,X,
"CON.1.A05","",,,,,X,,,,,,,,,,,,,
"CON.1.A06","",,,,X,X,,,,,,,,,,,,,X
"CON.1.A07","CIA",,,,X,X,,,,,,X,,,X,X,,,
"CON.1.A08","CIA",,,,X,,,,,,,,,X,,,,,
"CON.1.A09","CIA",,,,X,,X,,,,X,,X,X,,X,,,
"CON.1.A10","CIA",,,,X,,,,,,,,,,,,,,
"CON.1.A11","CIA",,,,,X,X,,,,,,,,,X,,,
"CON.1.A12","CIA",,,,X,,,,,,,,,,X,,X,,
"CON.1.A13","CIA",,X,,X,X,X,X,X,,,,,,X,,,,X
"CON.1.A14","CIA",,,,,,,,,,,,,,,X,,,
"CON.1.A15","CIA",,,,X,,,,,,,,,,,,,,
"CON.1.A16","CIA",,,,,,,X,X,,,,,,,,,,
"CON.1.A17","C",X,,,,,,,,,,,,,,,,,
"CON.1.A18","A",,,,,,,,,X,,X,,,,,,,
"SYS.1.5","CIA","G 0.15","G 0.18","G 0.19","G 0.20","G 0.21","G 0.22","G 0.23","G 0.25","G 0.26","G 0.27","G 0.28","G 0.29","G 0.30","G 0.31","G 0.32","G 0.40","G 0.43","G 0.46"
"SYS.1.5.A01","",,,,,,,,X,,X,X,,,,,,,
"SYS.1.5.A02","",,,,,,,,,,,,,X,,X,,,
"SYS.1.5.A03","",,,,,,X,X,,X,X,,,,,,,,
"SYS.1.5.A04","",,,,,,X,X,,,,,,,,,,,
"SYS.1.5.A05","",X,,,,,X,X,,,,,,X,,,,,
"SYS.1.5.A06","",,,,,,,,X,X,X,,,,,,,,
"SYS.1.5.A07","",,,,,,,,,X,,,,,,,,,
"SYS.1.5.A08","",,X,,,,,,,,X,,X,X,X,,,,
"SYS.1.5.A09","",X,X,,,,X,X,,,X,,,X,,,,,
"SYS.1.5.A10","",,X,X,X,X,,,,X,,,,,,,,,
"SYS.1.5.A11","",X,,,,X,,X,,,,,,,,,,,
"SYS.1.5.A12","",,X,,,,,,,,,,,X,,X,,,
"SYS.1.5.A13","",,X,,,,,,,X,,,,,,,,,
"SYS.1.5.A14","",,,X,,X,X,X,,,,,,,,,,,
"SYS.1.5.A15","",,,,,,X,X,,,,,,X,,,,X,
"SYS.1.5.A16","",,,,,,X,X,,,,,,X,,,,,
"SYS.1.5.A17","",,,,,,,,X,X,X,,,,,,,,
"SYS.1.5.A18","",,,X,,,,,,,,,,,X,,,,
"SYS.1.5.A19","",,,X,,,X,X,,X,,,,,,,,,
"SYS.1.5.A20","A",,,,,,,,X,X,,,,,,,,X,
"SYS.1.5.A21","IA",,,,,,,,,X,X,,,,,,,,
"SYS.1.5.A22","CI",,,X,,X,X,X,,,,,,,,,,,
"SYS.1.5.A23","CI",,,,,,X,X,,,,,,,,,,,
"SYS.1.5.A24","CIA",,,,,,X,X,,,,,,X,,,,,
"SYS.1.5.A25","A",,,,,,,,,X,X,,,,,,,,
"SYS.1.5.A26","CIA",X,,,,X,X,X,,,,,,,,,X,,
"SYS.1.5.A27","CIA",X,,,X,X,X,X,,,,,,,,,,,
"SYS.1.5.A28","CI",X,,,,,,,,,,,,,,,,,X
"CON.5","CIA","G 0.18","G 0.19","G 0.25","G 0.27","G 0.29","G 0.31","G 0.45"
"CON.5.A01","",X,,,,,,
"CON.5.A02","",,,,,,,
"CON.5.A03","",X,,,,,X,
"CON.5.A04","",,,,,,X,
"CON.5.A05","",,,,,,,
"CON.5.A06","",X,,,,,,
"CON.5.A07","",,,,,,,
"CON.5.A08","",X,,,X,,,
"CON.5.A09","",X,X,,,,,X
"CON.5.A10","",,,,,,,
"CON.5.A11","",X,,,,X,,
"CON.5.A12","CA",,,,,,,X
"CON.5.A13","A",,,X,X,,,X
"APP.1.2","CIA","G 0.14","G 0.15","G 0.18","G 0.19","G 0.20","G 0.21","G 0.22","G 0.23","G 0.25","G 0.26","G 0.28","G 0.30","G 0.31","G 0.39","G 0.40","G 0.45"
"APP.1.2.A01","",,,,X,,,,X,,,X,,,X,,
"APP.1.2.A02","",X,,X,X,,,X,,,,,,,,,
"APP.1.2.A03","",X,,X,,X,,X,,,,,,,,,
"APP.1.2.A04","",,,,,X,X,,X,,X,X,,,X,,
"APP.1.2.A05","",,,X,,,X,,,,,,X,X,,,
"APP.1.2.A06","",,,X,X,,,,,,,,X,X,,,
"APP.1.2.A07","",X,X,,X,,,,,,,,X,X,,,X
"APP.1.2.A08","",,,X,,,,X,,,,X,X,X,,,
"APP.1.2.A09","CI",,,,,,,,X,,X,X,,,X,,
"APP.1.2.A10","CI",X,,,X,,,,,,,,,,,,
"APP.1.2.A11","C",,,,,,,,X,,,X,,,,,
"APP.1.2.A12","A",,,X,,,,,,X,X,X,,,,X,
"SYS.2.3","CIA","G 0.19","G 0.20","G 0.21","G 0.22","G 0.23","G 0.25","G 0.28","G 0.30","G 0.31","G 0.32","G 0.39","G 0.45","G 0.46"
"SYS.2.3.A01","",,,,,,,,X,X,X,,,
"SYS.2.3.A02","",,X,X,,,,X,,,,,,
"SYS.2.3.A03","",X,,,X,,,,,,,,X,X
"SYS.2.3.A04","",,X,X,,,X,X,,,,X,,
"SYS.2.3.A05","",,X,X,,,,X,,,,X,,
"SYS.2.3.A06","",,,X,X,X,X,,,,,,X,
"SYS.2.3.A07","",X,,X,X,,,,X,X,X,,,
"SYS.2.3.A08","",X,,X,X,,,,X,X,X,,,
"SYS.2.3.A09","",,,X,X,X,,,X,X,X,,X,X
"SYS.2.3.A10","",,,,,,,,,,,,,
"SYS.2.3.A11","",,,,,,X,,,,,,X,X
"SYS.2.3.A12","",X,X,X,X,X,X,X,X,X,X,X,X,X
"SYS.2.3.A13","",,,,,,,,,,,,,
"SYS.2.3.A14","CIA",,,X,X,,X,,X,,,,,
"SYS.2.3.A15","CI",,,X,X,X,,,,,,,,
"SYS.2.3.A16","CI",,,X,X,X,X,,,,,,X,
"SYS.2.3.A17","CI",,,X,,,,,X,X,X,,,
"SYS.2.3.A18","CI",,,X,X,X,,,X,X,X,X,X,X
"SYS.2.3.A19","CI",X,,,X,X,,,,,,,,X
"SYS.2.3.A20","CIA",,,,,,X,,,X,X,,,
"INF.7","CIA","G 0.02","G 0.13","G 0.14","G 0.15","G 0.16","G 0.18","G 0.21","G 0.22","G 0.23","G 0.24","G 0.30","G 0.44","G 0.46"
"INF.7.A01","",X,X,X,X,X,X,,,,X,,X,
"INF.7.A02","",,,X,,X,,,X,X,X,X,X,X
"INF.7.A03","",,,,,,X,,,,,,,
"INF.7.A04","",,,X,,X,,X,X,X,X,X,X,X
"INF.7.A05","",,,,,,,,X,,,,,X
"INF.7.A06","",,,X,,,,,X,,,,,X
"INF.7.A07","",,,X,X,X,,X,X,X,,,,X
"INF.7.A08","CIA",,,,,X,,,,,,,,
"INF.10","CIA","G 0.14","G 0.15","G 0.16","G 0.18","G 0.21","G 0.24","G 0.41","G 0.44","G 0.45"
"INF.10.A01","",,,X,,X,X,,X,
"INF.10.A02","",,,X,,X,X,X,X,
"INF.10.A03","",,,,,X,X,X,X,
"INF.10.A04","",X,X,,,,,X,,
"INF.10.A05","",,,,X,,,,,
"INF.10.A06","",X,X,,,,,X,,
"INF.10.A07","",X,,,X,X,,X,,X
"INF.10.A08","",,,,,,,X,X,
"INF.10.A09","CA",X,X,,,,,X,,
"INF.10.A10","C",X,X,,,,,,,
"NET.3.1","CIA","G 0.09","G 0.11","G 0.14","G 0.15","G 0.16","G 0.17","G 0.18","G 0.19","G 0.20","G 0.21","G 0.22","G 0.23","G 0.25","G 0.26","G 0.27","G 0.28","G 0.29","G 0.30","G 0.31","G 0.32","G 0.36","G 0.37","G 0.38","G 0.40","G 0.42","G 0.43","G 0.45","G 0.46"
"NET.3.1.A01","",X,,,,X,X,X,X,,X,X,,,X,,,,,,,,,,,,,,
"NET.3.1.A02","",,X,X,X,,,,,,,,,X,X,,,,X,X,X,X,,X,,X,,,
"NET.3.1.A03","",,,X,X,,,,,,,,,X,,,,,,,,,,,,,,,
"NET.3.1.A04","",X,X,X,X,,,,,,,,X,,,,,,X,X,X,X,,X,,,,,
"NET.3.1.A05","",X,,X,X,X,X,,X,X,X,X,X,X,X,X,X,X,X,X,X,X,,X,X,,X,X,X
"NET.3.1.A06","",,,X,X,,,,,,,,,,,X,,,,,,,X,,,,,,
"NET.3.1.A07","",,X,,,,,,,,,,,,,,,,,,,,,,,,,,
"NET.3.1.A08","",,X,,,,,,,,,,,,,,,,,,,,X,,,,,,
"NET.3.1.A09","",X,X,X,X,,,,,,,,,,,,,,,,,,,,,,,,
"NET.3.1.A10","",,,,,,,,,,,,X,,,,,,,,,,,,,,,,
"NET.3.1.A11","",X,X,X,X,,,,,,,,X,,,,,,X,X,X,X,,X,,,,,
"NET.3.1.A12","",X,X,X,X,,,,,,,,X,,,,,,X,X,X,X,X,X,,,,,
"NET.3.1.A13","",X,,X,X,,,X,,X,,,X,X,X,X,X,X,X,X,X,X,,X,,,,,
"NET.3.1.A14","",X,X,X,X,,,,,,,,X,,,,,,,,,,,,,,,,
"NET.3.1.A15","",X,,,,,,,,,,,,X,,,,,,,,,,,X,,X,X,X
"NET.3.1.A16","",X,,,,,,,,,,,,X,,,,,,,,,,,X,,X,X,X
"NET.3.1.A17","",X,,,,,,,,,,,,X,,,,,,,,,,,X,,X,X,X
"NET.3.1.A18","",X,,,,,,,,,,,,X,,,,,,,,,,,X,,X,X,X
"NET.3.1.A19","",X,,,,,,,,,,,,X,,,,,,,,,,,X,,X,X,X
"NET.3.1.A20","",,,,,,,,,,,,,,,X,,,,,,,,,,,,,
"NET.3.1.A21","",,,,,,,,,,,,X,,,,,,,,,,,,,,,,
"NET.3.1.A22","",,X,X,X,,,X,,,,,X,,,X,,,,,,,,,,,,,
"NET.3.1.A23","",X,X,X,X,,,,,,,,X,X,,,,,X,X,X,X,,X,,,,,
"NET.3.1.A24","IA",X,,X,X,,,,,,,,X,,,,,,X,X,X,X,,X,,,,,
"NET.3.1.A25","I",,,X,X,X,X,,X,,X,X,X,,,,,,,,,,,,,,,,
"NET.3.1.A26","A",,,X,X,,,,,,,,,,,,,,,,,,X,,,,,,
"NET.3.1.A27","A",,,X,X,X,X,,X,,X,X,X,,,,,,,,,,,,,,,,
"NET.3.1.A28","CI",X,,,,,,,,,,,X,X,,X,,,,,,,,,X,,X,X,X
"ORP.4","CIA","G 0.14","G 0.15","G 0.16","G 0.18","G 0.22","G 0.23","G 0.25","G 0.29","G 0.30","G 0.31","G 0.32","G 0.36","G 0.37","G 0.44","G 0.46"
"ORP.4.A01","",,,,X,,,,,,,,,,,
"ORP.4.A02","",,,,X,,,,,,,,,,,
"ORP.4.A03","",,,,X,,,,,,,,,,,
"ORP.4.A04","",,,,,X,,,X,,,X,,X,,
"ORP.4.A05","",,,X,X,,,,X,,,,,,X,
"ORP.4.A06","",,,,X,,X,,X,,,,,,,
"ORP.4.A07","",,,,X,,X,,X,,,,,,,
"ORP.4.A08","",,,,X,,X,,X,,,,,,,
"ORP.4.A09","",X,X,,X,X,X,,,X,,X,X,X,,X
"ORP.4.A10","",X,,,,,,,,,,X,X,,,
"ORP.4.A11","",,,,X,,X,,,,,,X,,,
"ORP.4.A12","",X,,,,,,,,,,X,X,,,
"ORP.4.A13","",X,,,,,,,,,,X,X,,,
"ORP.4.A14","",,,,X,,,,X,,,,,X,,
"ORP.4.A15","",,,,X,,,,,,,,,,,
"ORP.4.A16","",,,,X,,,,,,,,,,,
"ORP.4.A17","",,,,X,,,,,X,X,,,,,
"ORP.4.A18","",X,X,,X,,,,,,,,X,,,
"ORP.4.A19","",,,,,,,,,,X,,,,,
"ORP.4.A20","CIA",,,,,,,X,,,,,,,,
"ORP.4.A21","CI",,,,,,X,,,X,,X,X,,,
"ORP.4.A22","",,,,X,,X,,X,,,,,,,
"ORP.4.A23","",,,,X,,X,,X,,,,,,,
"DER.4","CIA","G 0.11","G 0.18","G 0.19","G 0.27","G 0.29"
"DER.4.A01","",,X,,X,X
"DER.4.A02","",,X,,,
"DER.4.A03","CIA",,X,,,
"DER.4.A04","CIA",,X,,,
"DER.4.A05","CIA",,X,,X,
"DER.4.A06","CIA",,X,,X,
"DER.4.A07","CIA",,X,,X,
"DER.4.A08","CIA",,X,,,
"DER.4.A09","CIA",,X,,,
"DER.4.A10","CIA",,X,,X,
"DER.4.A11","",,,,,
"DER.4.A12","CIA",,X,X,,
"DER.4.A13","CIA",,X,,,
"DER.4.A14","CIA",,X,,,
"DER.4.A15","CIA",,X,,,
"DER.4.A16","CIA",X,X,,,
"APP.5.2","CIA","G 0.15","G 0.18","G 0.19","G 0.22","G 0.25","G 0.26","G 0.27","G 0.28","G 0.30","G 0.31","G 0.36","G 0.45","G 0.46"
"APP.5.2.A01","",,X,,,,,,,,,,,
"APP.5.2.A02","",,X,,,,,,,,,,,
"APP.5.2.A03","",,,,,,,,,X,,,,
"APP.5.2.A04","",,,,,,,,,,,,,
"APP.5.2.A05","",,,,,,,,,,,,X,
"APP.5.2.A06","",,,,,,,,,X,,,,
"APP.5.2.A07","",,X,,,X,X,,,,,,,
"APP.5.2.A08","",,,,,,,,,,,,,
"APP.5.2.A09","",,,X,,X,,X,,,,,,X
"APP.5.2.A10","",,,,,,,,,X,X,,,
"APP.5.2.A11","",X,,X,X,,,,,X,,,,
"APP.5.2.A12","",,,X,X,,,,,,,X,,
"APP.5.2.A13","",,,,,,,,,,,,,
"APP.5.2.A14","",,,,,,,,,,X,,,
"APP.5.2.A15","",,X,,,,,,,,X,,,
"APP.5.2.A16","",,,,,,,,,,,,,
"APP.5.2.A17","C",,,X,,,,,,,,,,
"APP.5.2.A18","",,,,,,,,,,,,,
"APP.5.2.A19","",,X,X,,,,,,,,,,
"CON.6","CIA","G 0.16","G 0.18","G 0.19","G 0.24","G 0.31"
"CON.6.A01","",,X,X,X,
"CON.6.A02","",X,,X,,
"CON.6.A03","",,,X,,X
"CON.6.A04","",,X,X,X,
"CON.6.A05","",,X,X,,
"CON.6.A06","",,,,,X
"CON.6.A07","",,,X,,X
"CON.6.A08","",,X,X,,
"CON.6.A09","CIA",,X,X,X,
"CON.6.A10","CIA",,X,X,,
"CON.6.A11","CIA",X,,X,,
"NET.3.3","CIA","G 0.09","G 0.11","G 0.14","G 0.18","G 0.19","G 0.22","G 0.23","G 0.28","G 0.32","G 0.40","G 0.43","G 0.46"
"NET.3.3.A01","",,,,X,,,,,X,,,
"NET.3.3.A02","",,X,,,,,,,,,,
"NET.3.3.A03","",X,,,X,,,,,,,,
"NET.3.3.A04","",,,X,,X,X,X,,X,,,
"NET.3.3.A05","",,,,,,,,X,,,,
"NET.3.3.A06","",,,,X,,,X,,X,,,
"NET.3.3.A07","",,,X,,X,X,X,,,,X,X
"NET.3.3.A08","",,,,X,,,,,,,,
"NET.3.3.A09","",X,X,,,,,,,,X,,
"NET.3.3.A10","",,,X,,X,X,,,,,X,X
"NET.3.3.A11","",X,X,,,,,,,,X,,
"NET.3.3.A12","",,,,,,,,,X,,,
"NET.3.3.A13","",,,X,,X,X,,,,,X,X
"DER.2.1","CIA","G 0.11","G 0.18","G 0.19","G 0.20","G 0.22","G 0.25","G 0.27","G 0.29","G 0.30","G 0.32","G 0.33","G 0.45","G 0.46"
"DER.2.1.A01","",,X,X,X,,,,X,,,,,
"DER.2.1.A02","",,X,,,,,X,X,,,,,
"DER.2.1.A03","",,X,,,,,X,X,,,X,,
"DER.2.1.A04","",,,X,X,,,,X,,,,,
"DER.2.1.A05","",X,X,X,,,X,X,X,,,,,
"DER.2.1.A06","",X,X,X,,,X,,X,X,X,,X,X
"DER.2.1.A07","",,X,,,,,X,X,,,,,
"DER.2.1.A08","",,X,,,,,X,X,,,X,,
"DER.2.1.A09","",,X,X,X,X,,X,X,,,X,,
"DER.2.1.A10","",,X,,,,X,,X,,,,X,X
"DER.2.1.A11","",,X,X,,,,,X,,,,,
"DER.2.1.A12","",,X,X,,,,X,,,,,,X
"DER.2.1.A13","",,X,,,,,,,,,,,X
"DER.2.1.A14","",,X,X,X,X,,,X,,,,,X
"DER.2.1.A15","",,X,X,X,,,,X,,,,,
"DER.2.1.A16","",,X,,,,,,X,,,,,
"DER.2.1.A17","",,X,X,X,X,,,X,,,,X,X
"DER.2.1.A18","",,X,X,X,,,,X,,,,X,X
"DER.2.1.A19","CIA",,X,,,,X,X,,,,X,X,X
"DER.2.1.A20","CIA",,X,X,X,X,,X,X,,X,,X,X
"DER.2.1.A21","CIA",,X,X,X,,,X,X,,X,X,X,X
"DER.2.1.A22","CIA",X,X,X,X,X,X,X,X,,,X,X,X
"APP.2.1","CIA","G 0.11","G 0.14","G 0.15","G 0.18","G 0.19","G 0.21","G 0.22","G 0.23","G 0.25","G 0.26","G 0.27","G 0.28","G 0.29","G 0.30","G 0.31","G 0.32","G 0.33","G 0.36","G 0.37","G 0.38","G 0.39","G 0.40","G 0.42","G 0.43","G 0.45","G 0.46"
"APP.2.1.A01","",,,,X,,,,X,,,,,,X,X,,,,,,,,,,,
"APP.2.1.A02","",X,X,X,X,X,X,,X,,X,X,,,,,X,,X,,,,X,,,X,X
"APP.2.1.A03","",X,X,X,X,X,X,X,X,,,,,,X,X,X,,X,,X,,,,X,X,X
"APP.2.1.A04","",,,,,,,,X,,,,X,,,,,,,,,,,,,,
"APP.2.1.A05","",X,,,X,,,,,X,X,,,,X,X,,,,,X,,,,,,
"APP.2.1.A06","",X,X,X,,X,X,X,X,X,X,,,,X,X,X,,X,,,,,,,X,X
"APP.2.1.A07","",,,,X,,,,,,,X,,,,,,,,,,,,,,,
"APP.2.1.A08","",X,,,X,,,,,X,,X,,,,,,,,,,,,,,,X
"APP.2.1.A09","",,,,X,,,,,,,X,,,,,,,,,,,,,,,
"APP.2.1.A10","",X,,,X,X,,,X,,X,X,X,X,X,X,X,X,X,,X,,,X,,X,X
"APP.2.1.A11","",,,,X,,,,,X,,,,X,X,,,,,,X,,,,,X,X
"APP.2.1.A12","",,,,X,,,,X,X,X,X,,,X,X,X,,,X,,X,X,X,,,
"APP.2.1.A13","",,X,X,,,,,X,,,,,,X,X,,,X,,X,,,,,X,X
"APP.2.1.A14","",,,,X,,,,,X,,,,,,X,,,,,,,X,,,X,
"APP.2.1.A15","",,,,X,,,,,X,,,,,X,X,,,,,,,X,,,X,
"APP.2.1.A16","CIA",X,,,X,,,,,,X,,,,,,,,,,,,,,,,
"SYS.1.3","CIA","G 0.14","G 0.20","G 0.21","G 0.22","G 0.23","G 0.25","G 0.28","G 0.30","G 0.31","G 0.32","G 0.39","G 0.43","G 0.45","G 0.46"
"SYS.1.3.A01","",X,,,X,X,,,X,,,,,,
"SYS.1.3.A02","",X,,,X,,,,X,X,X,,,X,X
"SYS.1.3.A03","",,,X,,X,,,X,,,,,,
"SYS.1.3.A04","",,,,X,X,,X,,,,X,,,
"SYS.1.3.A05","",,X,,,,,X,,,,,,,
"SYS.1.3.A06","",,,X,,,,,X,X,,,,,
"SYS.1.3.A07","",,,,,,,,,,,,,,
"SYS.1.3.A08","",X,,,,X,,,,,,,X,,
"SYS.1.3.A09","",,,X,,X,,,X,,,,,,
"SYS.1.3.A10","",,,,,,X,X,,,,X,,,
"SYS.1.3.A11","",X,,,X,,,,,,X,,,X,
"SYS.1.3.A12","",,,X,,,,,X,,X,,,,
"SYS.1.3.A13","",,,,,,,,,,,,,,
"SYS.1.3.A14","C",X,,,,,,,X,,,,,,X
"SYS.1.3.A15","CIA",,,,,,X,X,,,,,,,
"SYS.1.3.A16","CI",X,,,X,,,,,,X,,,X,
"SYS.1.3.A17","CI",X,,,X,,,,,,X,,,X,
"IND.2.1","CIA","G 0.02","G 0.04","G 0.08","G 0.09","G 0.10","G 0.12","G 0.14","G 0.15","G 0.19","G 0.21","G 0.22","G 0.23","G 0.25","G 0.28","G 0.30","G 0.31","G 0.32","G 0.37","G 0.39","G 0.40","G 0.41","G 0.43","G 0.45","G 0.46"
"IND.2.1.A01","",,,,,,,X,,X,X,,X,,,X,,X,,,,X,X,X,X
"IND.2.1.A02","",,,,,,,X,,X,X,,X,,,,,,,X,,X,,,X
"IND.2.1.A03","",,,,,,,,,X,X,,,,,,X,,X,,,X,X,,
"IND.2.1.A04","",,,,,,,X,X,X,X,X,X,,,X,,,,,,X,,,
"IND.2.1.A05","",,,,,,,X,X,X,X,X,X,,,X,,,,,,X,,,
"IND.2.1.A06","",,,,,,,X,X,,X,X,X,,,X,X,X,,X,X,X,,,
"IND.2.1.A07","",X,X,X,X,X,X,,,,,,,X,,,,,,X,X,X,,X,
"IND.2.1.A08","",,,,,,,X,,X,X,X,X,X,X,X,,,,X,,,,,
"IND.2.1.A09","",,,,X,,,X,X,,,X,,,,,,,X,,,X,,,X
"IND.2.1.A10","",,,,,,,X,,X,X,,,,X,X,,,,X,,X,X,X,X
"IND.2.1.A11","",,,,,,,X,,X,X,,X,,X,X,X,X,,X,,X,,,
"IND.2.1.A12","",X,X,,,,X,,X,,X,,,X,X,,,,,X,,,,,
"IND.2.1.A13","",,,,,,X,X,X,,X,,X,X,X,,,,,X,,X,,,
"IND.2.1.A14","",,,,,,,X,,X,,,,,,X,,,,,,,,X,
"IND.2.1.A15","",,,,,,,X,X,,X,,X,X,X,X,X,X,X,X,X,X,X,,X
"IND.2.1.A16","",,,,,,,X,,X,X,X,X,,,X,,,,X,,X,,X,
"IND.2.1.A17","",,,,,,,X,,X,X,X,,,,X,,,X,X,,X,,,X
"IND.2.1.A18","A",,,,X,,,,,,,,,,,,,,,,,,,X,
"IND.2.1.A19","CIA",,,X,X,,,X,,,X,,X,,X,X,,,,X,X,X,,,X
"IND.2.1.A20","IA",,,,,,,X,,,X,,X,,X,,,,,X,,,,,
"IND.2.2","CIA","G 0.14","G 0.15","G 0.19","G 0.21","G 0.22","G 0.23","G 0.30","G 0.41"
"IND.2.2.A01","",,,,X,X,X,,X
"IND.2.2.A02","",X,X,X,X,X,X,X,X
"IND.2.2.A03","",,,,X,X,,,
"IND.2.3","CIA","G 0.14","G 0.18","G 0.21","G 0.23","G 0.28","G 0.30"
"IND.2.3.A01","",X,X,,,,X
"IND.2.3.A02","",X,,X,,X,X
"IND.2.3.A03","I",X,X,X,X,X,X
"IND.2.4","CIA","G 0.11","G 0.14","G 0.18","G 0.21","G 0.22","G 0.30","G 0.39"
"IND.2.4.A01","",X,X,X,X,X,X,
"IND.2.4.A02","",,,,X,,,X
"OPS.1.1.4","CIA","G 0.14","G 0.19","G 0.23","G 0.32","G 0.36","G 0.39","G 0.42","G 0.46"
"OPS.1.1.4.A01","",X,X,X,X,X,X,X,X
"OPS.1.1.4.A02","",X,X,X,X,X,X,,X
"OPS.1.1.4.A03","",X,X,X,X,X,X,,X
"OPS.1.1.4.A04","",X,X,X,X,X,X,,X
"OPS.1.1.4.A05","",X,X,X,X,X,X,X,X
"OPS.1.1.4.A06","",X,X,X,X,X,X,X,X
"OPS.1.1.4.A07","",X,X,X,X,,X,,X
"OPS.1.1.4.A08","",X,X,X,X,X,X,X,X
"OPS.1.1.4.A09","",X,X,X,X,X,X,,X
"OPS.1.1.4.A10","CIA",X,X,X,X,X,X,,X
"OPS.1.1.4.A11","CIA",X,X,X,X,X,,X,X
"OPS.1.1.4.A12","CIA",X,X,X,X,X,X,,X
"OPS.1.1.4.A13","CIA",X,X,X,X,X,X,,X
"OPS.1.1.4.A14","CIA",X,X,X,X,X,X,,X
"OPS.1.1.4.A15","CIA",X,X,X,X,X,X,X,X
"DER.3.2","CIA","G 0.18","G 0.19","G 0.27","G 0.29","G 0.46"
"DER.3.2.A01","",X,,X,,
"DER.3.2.A02","",X,,,,
"DER.3.2.A03","",X,,,,
"DER.3.2.A04","",X,,,X,
"DER.3.2.A05","",X,,X,,
"DER.3.2.A06","",X,,,,
"DER.3.2.A07","",X,,,,
"DER.3.2.A08","",X,,,X,X
"DER.3.2.A09","",X,,,,
"DER.3.2.A10","",X,X,,,X
"DER.3.2.A11","",X,,,,
"DER.3.2.A12","",X,,,,
"DER.3.2.A13","",X,,,,
"DER.3.2.A14","",X,,,X,
"DER.3.2.A15","",X,,,,
"DER.3.2.A16","",X,,,,
"DER.3.2.A17","",X,,,,X
"DER.3.2.A18","",X,,,,
"DER.3.2.A19","",X,,,X,
"DER.3.2.A20","",X,,,,
"DER.3.2.A21","",X,,,X,X
"DER.3.2.A22","",X,,,,
"DER.3.2.A23","CI",X,X,,X,X
"SYS.1.2.2","CIA","G 0.14","G 0.15","G 0.18","G 0.19","G 0.20","G 0.21","G 0.22","G 0.23","G 0.25","G 0.26","G 0.27","G 0.28","G 0.29","G 0.30","G 0.31","G 0.32","G 0.33","G 0.36","G 0.37","G 0.38","G 0.39","G 0.40","G 0.41","G 0.42","G 0.43","G 0.45","G 0.46"
"SYS.1.2.2.A01","",,,X,,,,,,,,X,,X,,,,,,,,,,,,,,
"SYS.1.2.2.A02","",X,X,,X,X,X,X,X,X,X,,X,,X,X,X,,X,X,X,X,X,,X,X,X,X
"SYS.1.2.2.A03","",X,X,,X,X,X,X,X,X,X,X,X,X,X,X,X,X,X,X,X,X,X,X,X,X,X,X
"SYS.1.2.2.A04","",X,X,,X,X,X,X,X,X,X,,X,X,X,X,X,,X,X,X,X,X,,X,X,X,X
"SYS.1.2.2.A05","",X,X,,X,,X,X,X,X,X,X,,,X,,X,,X,X,X,X,X,,X,X,X,X
"SYS.1.2.2.A06","",X,X,,X,,X,X,X,,,X,,,X,X,X,,X,X,X,X,X,X,X,X,,X
"SYS.1.2.2.A07","",X,X,X,X,,X,X,X,,,X,X,,X,X,X,,X,X,X,X,X,X,,X,X,X
"SYS.1.2.2.A08","",,,,,,X,X,X,X,X,,,,,,,,,X,,X,,,,,,X
"SYS.1.2.2.A09","",X,X,,X,,X,X,X,,,,,,X,X,X,,,,,X,X,,,,,X
"SYS.1.2.2.A10","C",X,,,X,,X,X,,,,,,,,,,,X,X,X,,,,,,,X
"SYS.1.2.2.A11","CIA",X,,,X,,X,X,X,,,,X,,X,,X,,,,,X,X,X,X,X,X,X
"SYS.1.2.2.A12","A",,,,,,,,,,,X,,,,,,,,,,,,,,,X,
"SYS.1.2.2.A13","CI",X,X,,X,,X,X,X,,,X,,,X,X,X,,X,X,X,X,X,X,X,X,,X
"SYS.1.2.2.A14","CI",X,,,X,,X,X,,,,,,,,,,,X,X,X,,,,,,,X
"OPS.1.1.5","CIA","G 0.09","G 0.14","G 0.15","G 0.18","G 0.19","G 0.21","G 0.22","G 0.23","G 0.25","G 0.26","G 0.29","G 0.30","G 0.31","G 0.32","G 0.37","G 0.38","G 0.40","G 0.45","G 0.46"
"OPS.1.1.5.A01","",,,,X,,,,,,,X,,,,,X,,,
"OPS.1.1.5.A02","",,,,X,,,,,,,,X,,X,,,,,
"OPS.1.1.5.A03","",X,,,,,,,,X,X,,,X,,,,,,
"OPS.1.1.5.A04","",,,,,,,,,,,,,X,,,,,,X
"OPS.1.1.5.A05","",,,,,,,,,,,X,,,,,X,,,
"OPS.1.1.5.A06","",X,,,X,,X,X,X,,,X,X,,,,,,X,X
"OPS.1.1.5.A07","",,,X,,,,X,X,,,,X,,,,,,,X
"OPS.1.1.5.A08","",,,,X,,,X,,,,X,,,,,,,X,X
"OPS.1.1.5.A09","",,,,,,,,,,X,X,,X,,,,,,
"OPS.1.1.5.A10","",,X,,,X,,,,,,,X,,X,,X,,,X
"OPS.1.1.5.A11","CIA",,,,,,X,,X,X,X,,,X,,X,,,X,
"OPS.1.1.5.A12","CI",,X,X,,X,,X,,,,,,,,,,,X,X
"OPS.1.1.5.A13","A",X,,,,,,,,X,X,,,,,,,X,X,
"OPS.1.2.4","CIA","G 0.14","G 0.18","G 0.19","G 0.21","G 0.22","G 0.23","G 0.24","G 0.25","G 0.30","G 0.31","G 0.32","G 0.33","G 0.40","G 0.45","G 0.46"
"OPS.1.2.4.A01","",X,X,X,X,X,X,,,X,X,X,X,,X,X
"OPS.1.2.4.A02","",X,,X,X,X,X,,,X,X,,,X,X,X
"OPS.1.2.4.A03","",X,,X,X,X,X,,,X,X,,,X,,X
"OPS.1.2.4.A04","",X,,,X,X,X,X,,X,,X,,X,X,X
"OPS.1.2.4.A05","",X,X,X,X,X,X,,,,,,,,,X
"OPS.1.2.4.A06","",,X,,,,,X,X,,,,X,,X,
"OPS.1.2.4.A07","",X,X,X,X,X,X,,,X,X,X,,,,X
"OPS.1.2.4.A08","",,X,,,,,,,,,,X,,,X
"OPS.1.2.4.A09","",,X,,,,,,X,,,,,,,X
"OPS.1.2.4.A10","",,X,,,,,,,,,,,,,
"OPS.1.1.3","CIA","G 0.09","G 0.18","G 0.19","G 0.20","G 0.23","G 0.25","G 0.26","G 0.27","G 0.28","G 0.33","G 0.37","G 0.39","G 0.40","G 0.45","G 0.46"
"OPS.1.1.3.A01","",,X,,,,,,,,,,,,,
"OPS.1.1.3.A02","",,X,,,,,,X,,X,X,,,,
"OPS.1.1.3.A03","",X,,X,X,X,X,X,,X,,,X,X,,X
"OPS.1.1.3.A04","",,X,,,,,,,,,,,,,
"OPS.1.1.3.A05","",,X,,X,,X,X,X,,,X,,,,
"OPS.1.1.3.A06","",,X,,,,X,X,X,,X,X,,,,
"OPS.1.1.3.A07","",,X,,,,X,X,X,,X,X,,,,
"OPS.1.1.3.A08","",X,,X,X,X,X,X,X,X,,,X,X,X,X
"OPS.1.1.3.A09","",X,,,,,X,X,,X,,,,,,
"OPS.1.1.3.A10","",,,X,X,X,,,,X,,,X,X,,X
"OPS.1.1.3.A11","",,X,,,,,,,,,X,,,,
"OPS.1.1.3.A12","A",,X,,,,X,X,X,,X,,,,,
"OPS.1.1.3.A13","IA",,X,,,,,,,,,,,,,
"OPS.1.1.3.A14","CIA",,X,,,,,,X,,,,,,,
"INF.9","CIA","G 0.14","G 0.16","G 0.17","G 0.18","G 0.19","G 0.21","G 0.22","G 0.23","G 0.24","G 0.25","G 0.29","G 0.30","G 0.31","G 0.44","G 0.45","G 0.46"
"INF.9.A01","",X,X,,X,X,X,X,,,X,,,,,,
"INF.9.A02","",X,X,,X,X,X,X,X,X,X,X,X,X,X,X,
"INF.9.A03","",X,X,,,X,X,X,,X,,,X,,X,,X
"INF.9.A04","",,,,,X,,X,,,,,X,X,,,X
"INF.9.A05","",X,,,,X,,,,,,,,,,,
"INF.9.A06","",X,,,X,X,,,,,,,,,,,X
"INF.9.A07","",,,,,,,,,,,X,,,,,
"INF.9.A08","",X,,,X,X,X,X,X,,,X,X,X,,,X
"INF.9.A09","",X,X,X,,X,,X,,,,,,,,,
"INF.9.A10","CIA",,X,,,,,,X,,,,X,X,,X,
"INF.9.A11","CIA",X,,,,X,,,,,X,X,,,,,
"DER.2.3","CIA","G 0.14","G 0.15","G 0.16","G 0.18","G 0.19","G 0.20","G 0.21","G 0.22","G 0.23","G 0.24","G 0.28","G 0.29","G 0.31","G 0.32","G 0.39","G 0.40","G 0.41","G 0.42","G 0.43","G 0.45","G 0.46"
"DER.2.3.A01","",X,,,X,,,,,,,,,,,,X,X,X,,X,X
"DER.2.3.A02","",X,X,X,X,,,X,X,X,X,,,,X,X,,X,,X,X,X
"DER.2.3.A03","",X,,,X,,,,X,X,,,,,X,,,,,,X,X
"DER.2.3.A04","",X,X,X,X,,,X,X,X,X,,,,X,X,X,X,,X,X,X
"DER.2.3.A05","",X,X,,X,,,,,X,,X,,,X,,,X,X,,,
"DER.2.3.A06","",,,,X,X,,,,,,X,X,X,,,,,,,,
"DER.2.3.A07","",X,X,X,X,,X,X,X,X,X,X,,,X,X,X,X,,X,X,X
"DER.2.3.A08","",X,X,X,X,,,,X,,,,,,,,,,,X,X,X
"DER.2.3.A09","CIA",X,X,X,X,,,X,X,X,,,,,,X,,X,,X,,X
"DER.2.3.A10","CI",X,X,X,X,,,X,X,X,X,X,,,X,X,,X,,X,,X
"CON.2","CIA","G 0.18"
"CON.2.A01","",X
"APP.2.2","CIA","G 0.11","G 0.14","G 0.15","G 0.18","G 0.19","G 0.21","G 0.22","G 0.23","G 0.25","G 0.26","G 0.27","G 0.28","G 0.29","G 0.30","G 0.31","G 0.32","G 0.33","G 0.36","G 0.37","G 0.38","G 0.39","G 0.40","G 0.42","G 0.43","G 0.45","G 0.46"
"APP.2.2.A01","",X,X,X,X,X,X,,X,,X,X,,,,,X,,X,,,,X,,,X,X
"APP.2.2.A02","",X,X,X,X,X,X,X,X,,,,,,X,X,X,,X,,X,,,,X,,X
"APP.2.2.A03","",,X,X,X,X,X,,X,,,,,,,,X,,X,,,,,,X,,X
"APP.2.2.A04","",X,,,X,X,,,X,,X,X,X,X,X,X,X,X,,,X,,,X,,X,X
"APP.2.2.A05","",,X,X,,X,X,X,X,,,,X,X,X,,X,,X,X,X,X,X,,X,X,X
"APP.2.2.A06","",,X,X,,X,X,X,X,,,,X,X,X,,X,,X,X,X,X,X,,X,X,X
"APP.2.2.A07","",X,X,X,X,X,X,X,X,,,,,,X,X,X,,X,,X,,,,X,,X
"APP.2.2.A08","",,X,X,,X,X,X,X,,,,,,X,,,,X,,,,,,X,,X
"APP.2.2.A09","",,X,X,,X,X,X,X,,,,,,X,,,,X,,,,,,X,,X
"APP.2.2.A10","",,,,,,,,X,,,,,,X,,,,,,,,X,X,X,X,X
"APP.2.2.A11","",,,,X,,,,X,X,X,X,,,X,X,X,,,X,,X,X,X,,,
"APP.2.2.A12","",,,,,,,,,X,,,,,,,,,,X,,X,X,,,X,
"APP.2.2.A13","CIA",,,,,X,X,X,X,,,,,,X,,,,,X,,,,,,,
"APP.2.2.A14","CIA",,X,X,,X,X,X,X,,,,,,X,X,X,,,X,,,,,,,
"APP.2.2.A15","CIA",,X,X,,X,X,X,X,,,,,,X,X,X,,,X,,,,,,,
"APP.3.3","CIA","G 0.14","G 0.18","G 0.19","G 0.25","G 0.26","G 0.27","G 0.32","G 0.39","G 0.45","G 0.46"
"APP.3.3.A01","",,,,,,,,,,
"APP.3.3.A02","",,,,X,,,,,,X
"APP.3.3.A03","",X,,,,,,,X,,
"APP.3.3.A04","",,,,,,,,,,
"APP.3.3.A05","",,,X,,,,X,,,
"APP.3.3.A06","",,X,,X,,X,,,,
"APP.3.3.A07","",,,,X,,X,,,X,X
"APP.3.3.A08","",,,,,,,,,X,
"APP.3.3.A09","",,,,X,X,X,,,X,
"APP.3.3.A10","",,,,,,,,,,
"APP.3.3.A11","",,,,,,X,,,,
"APP.3.3.A12","CIA",X,,X,,,,,X,,
"APP.3.3.A13","A",,,,X,,,,,X,
"APP.3.3.A14","CIA",,,,,X,,,,,X
"APP.3.3.A15","",,X,X,,,X,,,,
"NET.1.1","CIA","G 0.09","G 0.11","G 0.18","G 0.19","G 0.22","G 0.23","G 0.27","G 0.29","G 0.30","G 0.39","G 0.40","G 0.43"
"NET.1.1.A01","",X,X,X,X,X,X,X,X,X,X,X,X
"NET.1.1.A02","",,,X,,,,X,X,,,,
"NET.1.1.A03","",X,X,X,X,X,X,X,,X,X,X,X
"NET.1.1.A04","",X,,X,X,,X,,X,X,X,X,X
"NET.1.1.A05","",X,,,X,X,X,,X,X,X,X,X
"NET.1.1.A06","",X,,,X,X,X,,X,X,X,,X
"NET.1.1.A07","",,,,X,X,X,,X,,,,X
"NET.1.1.A08","",,,X,X,X,X,,X,X,X,X,X
"NET.1.1.A09","",,,X,X,X,X,,X,X,X,X,X
"NET.1.1.A10","",,,X,X,X,X,,X,X,X,X,X
"NET.1.1.A11","",,,X,X,X,X,,X,X,X,X,X
"NET.1.1.A12","",,,X,X,,X,,X,X,X,,
"NET.1.1.A13","",X,X,X,X,X,X,X,X,X,X,X,X
"NET.1.1.A14","",X,X,X,X,X,X,X,X,X,X,X,X
"NET.1.1.A15","",X,,X,,,,X,X,X,,,
"NET.1.1.A16","",X,X,X,X,X,X,X,X,X,X,X,X
"NET.1.1.A17","",X,X,X,X,X,X,X,X,X,X,X,X
"NET.1.1.A18","",X,,X,X,X,X,,X,X,X,X,X
"NET.1.1.A19","",X,,,X,X,X,,,X,X,X,X
"NET.1.1.A20","",X,,X,,,,X,,,,,
"NET.1.1.A21","",X,,X,,X,X,,,X,X,,X
"NET.1.1.A22","",X,,X,X,X,X,X,,X,X,X,X
"NET.1.1.A23","",X,,X,X,X,X,,,X,X,X,X
"NET.1.1.A24","",X,,X,X,X,X,,,X,,,X
"NET.1.1.A25","",X,X,X,X,X,X,X,X,X,X,X,X
"NET.1.1.A26","",X,,X,,,,,,X,,,
"NET.1.1.A27","",X,X,X,,,,,X,,X,X,
"NET.1.1.A28","A",X,X,,,,,X,,,,X,
"NET.1.1.A29","A",X,X,,,,,X,,,,X,
"NET.1.1.A30","A",X,X,,,,,X,,,,X,
"NET.1.1.A31","CIA",X,,X,X,X,X,,,,X,X,X
"NET.1.1.A32","CIA",,,,,X,X,,,X,,,
"NET.1.1.A33","CIA",X,,,X,X,X,,,X,X,,X
"NET.1.1.A34","CI",,,,X,X,X,,X,X,X,,X
"NET.1.1.A35","CI",,,,X,X,X,,X,X,X,X,
"NET.1.1.A36","CIA",X,,X,X,X,X,,,X,,,X
"DER.3.1","CIA","G 0.18","G 0.19","G 0.27","G 0.29","G 0.46"
"DER.3.1.A01","",X,,X,,X
"DER.3.1.A02","",X,,,X,
"DER.3.1.A03","",X,,,,
"DER.3.1.A04","",X,,,,
"DER.3.1.A05","",X,X,,,X
"DER.3.1.A06","",X,,,,
"DER.3.1.A07","",X,,,X,X
"DER.3.1.A08","",X,,,X,X
"DER.3.1.A09","",X,,X,,X
"DER.3.1.A10","",X,,,,
"DER.3.1.A11","",X,X,,,
"DER.3.1.A12","",X,X,,,
"DER.3.1.A13","",X,,,,
"DER.3.1.A14","",X,,,X,
"DER.3.1.A15","",X,,,,
"DER.3.1.A16","",X,,,,
"DER.3.1.A17","",X,X,,,
"DER.3.1.A18","",X,X,,,
"DER.3.1.A19","",X,,,X,
"DER.3.1.A20","",X,,,,
"DER.3.1.A21","",X,,,,
"DER.3.1.A22","",X,,,X,X
"DER.3.1.A23","",X,,,X,X
"DER.3.1.A24","",X,X,,X,X
"DER.3.1.A25","",X,,,X,
"DER.3.1.A26","",X,,X,X,X
"DER.3.1.A27","",X,,,,X
"DER.3.1.A28","CI",X,,X,X,X
"OPS.1.1.6","CIA","G 0.14","G 0.18","G 0.19","G 0.25","G 0.26","G 0.27","G 0.28","G 0.32","G 0.38","G 0.41","G 0.45","G 0.46"
"OPS.1.1.6.A01","",,X,,X,X,,,,,,,
"OPS.1.1.6.A02","",,,,X,X,,,,,,,
"OPS.1.1.6.A03","",,,,,X,,,,,,,
"OPS.1.1.6.A04","",,X,,X,X,,,,,,,
"OPS.1.1.6.A05","",,,,,,X,X,,,,,
"OPS.1.1.6.A06","",,X,,,,,,,,,,
"OPS.1.1.6.A07","",X,X,,,,,,,,X,,
"OPS.1.1.6.A08","",,X,,,,,,,,,,
"OPS.1.1.6.A09","",,X,,,,,,,,,,
"OPS.1.1.6.A10","",,X,,,,,,,,,,
"OPS.1.1.6.A11","",,,X,,,,,,X,,,
"OPS.1.1.6.A12","",,X,,X,X,,X,,,,,
"OPS.1.1.6.A13","",,X,X,X,X,,,X,X,,X,X
"OPS.1.1.6.A14","CIA",,X,,,,,X,,,,,
"CON.3","CIA","G 0.01","G 0.02","G 0.18","G 0.19","G 0.22","G 0.29","G 0.45","G 0.46"
"CON.3.A01","",,,X,,,X,,
"CON.3.A02","",,,X,,,,,
"CON.3.A03","",,,,,,,,
"CON.3.A04","",,,X,,,,,
"CON.3.A05","",,,X,X,,,X,
"CON.3.A06","",,,X,,,,,
"CON.3.A07","",,,X,,,,,
"CON.3.A08","",,,,,,,,
"CON.3.A09","",,,X,X,,X,,
"CON.3.A10","",,,X,,,,X,
"CON.3.A11","",,,X,,,,X,
"CON.3.A12","",X,X,,X,,,X,X
"CON.3.A13","CIA",,,X,X,X,,,X
"SYS.3.2.4","CIA","G 0.14","G 0.16","G 0.21","G 0.28","G 0.30","G 0.32","G 0.38","G 0.39","G 0.41","G 0.46"
"SYS.3.2.4.A01","",,,,X,,,,X,,
"SYS.3.2.4.A02","",X,,X,,,X,,,X,X
"SYS.3.2.4.A03","",,,,,X,X,X,,,
"SYS.3.2.4.A04","",X,X,,,X,,X,,,X
"SYS.3.2.4.A05","",,,,,X,,,,,
"SYS.3.2.4.A06","CIA",X,,X,,,,,X,,
"SYS.3.2.4.A07","CI",X,,X,,,,,X,,
"SYS.3.2.1","CIA","G 0.14","G 0.15","G 0.16","G 0.17","G 0.18","G 0.19","G 0.20","G 0.21","G 0.22","G 0.23","G 0.24","G 0.25","G 0.26","G 0.28","G 0.29","G 0.30","G 0.31","G 0.32","G 0.36","G 0.37","G 0.38","G 0.39","G 0.42","G 0.43","G 0.45","G 0.46"
"SYS.3.2.1.A01","",,X,,,X,X,,,,,,X,X,,,X,X,,,,,,,,X,X
"SYS.3.2.1.A02","",X,,,,X,X,,,X,X,X,,,,,X,X,X,X,X,X,,X,,X,X
"SYS.3.2.1.A03","",X,X,X,X,,X,,X,X,X,X,,,,,X,X,,,,,X,X,,X,X
"SYS.3.2.1.A04","",,,X,X,,X,,,,X,X,,,,,X,X,X,X,X,X,,X,,X,X
"SYS.3.2.1.A05","",X,X,X,X,,X,X,X,X,X,X,X,,X,,,,,,,,X,,,X,X
"SYS.3.2.1.A06","",X,X,,,,X,,,X,X,X,,,,,,,,,,,X,X,,X,X
"SYS.3.2.1.A07","",X,X,X,X,X,,,,X,,,,,,,,,,,,,,,X,X,X
"SYS.3.2.1.A08","",,,,,,,,,,,,,,,,,,,,,,X,,,,
"SYS.3.2.1.A09","",X,X,,,,X,,,X,X,X,,X,,,,,,,,,,,,X,X
"SYS.3.2.1.A10","",,,X,,,,,,,,,,,,,X,,,,,,,,,,
"SYS.3.2.1.A11","",X,X,,,,,,X,,,,,,,X,,,,,,,,,,,X
"SYS.3.2.1.A12","",X,,,,,,,,,,,,,,,,,,,,,,,,,X
"SYS.3.2.1.A13","",X,,,,,,,,,,,,X,,,,,,,,,,,,,X
"SYS.3.2.1.A14","",,,,,X,,X,X,,X,,,,,X,,,,,,,X,,,,
"SYS.3.2.1.A15","",X,,,,,X,,,X,,,,,,X,,,,,,,,,,,X
"SYS.3.2.1.A16","",,X,,,,X,,,,X,,,,,X,X,,,,,,,,,,
"SYS.3.2.1.A17","",,,X,X,,,,,,,,,,,,X,,,,,,,,,,
"SYS.3.2.1.A18","",,,X,X,X,X,,,,X,,,,,,X,,,X,,,,,,,X
"SYS.3.2.1.A19","",X,,X,X,,X,,,,,,,,,,X,X,X,X,X,X,,,,,X
"SYS.3.2.1.A20","",X,X,,,,X,,X,X,X,X,,,,,X,X,X,X,X,X,,X,,X,X
"SYS.3.2.1.A21","",X,X,,,,X,X,X,X,X,X,X,,X,,,,,,,,X,,X,X,X
"SYS.3.2.1.A22","",X,X,X,X,,X,,,X,,,,,,,,,,,,,,,,X,X
"SYS.3.2.1.A23","CI",X,X,,,,X,,,X,X,X,,,,,,,,,,,X,,X,X,X
"SYS.3.2.1.A24","CI",,,,,,,,,,,,,,,,,,,,,,,,,,X
"SYS.3.2.1.A25","CI",X,X,X,X,,X,,X,X,X,X,,,,,,,,,,,X,,X,X,X
"SYS.3.2.1.A26","CIA",X,X,X,X,,X,,,X,X,X,,,,,,,,,,,X,,X,X,X
"SYS.3.2.1.A27","CIA",X,X,X,X,,X,,X,X,X,X,,,,X,X,,,,,,X,,X,X,X
"SYS.3.2.1.A28","",,,,,,,,,,,,,,,,,,,,,,,,,,
"SYS.3.2.1.A29","CA",,,,,,,,,,,,,,,,,,,X,,X,,,,,
"SYS.3.2.1.A30","CIA",,,X,,,X,,,X,X,,,,X,,X,,,X,,,X,,,,
"APP.5.1","CIA","G 0.11","G 0.15","G 0.18","G 0.19","G 0.20","G 0.21","G 0.27","G 0.28","G 0.30","G 0.33","G 0.36","G 0.39","G 0.40","G 0.42","G 0.45"
"APP.5.1.A01","",,,X,,,,,,,,,,,,
"APP.5.1.A02","",,,,X,,X,,,X,,,X,,,
"APP.5.1.A03","",,X,X,,,,,X,,,,,X,,
"APP.5.1.A04","",,,,,,,,,,,,,,,X
"APP.5.1.A05","",,,,,,,,,,,,,,,
"APP.5.1.A06","",,,,,,,,,,X,,,,,
"APP.5.1.A07","",,,X,,,,X,,,,,,,,
"APP.5.1.A08","",,,X,,,,,,,,,,,,
"APP.5.1.A09","",,,,,,,,,,,,,,,
"APP.5.1.A10","",,,,,,,,,,,,,,,
"APP.5.1.A11","",,,,,,,,,,,,,,,
"APP.5.1.A12","",,,,,,,,,,,,X,,X,
"APP.5.1.A13","",,,,,,,,,,,,,,,
"APP.5.1.A14","",,,,,,,,,,,,,,,
"APP.5.1.A15","",,,,,,,,,,,,,,,
"APP.5.1.A16","",,,,,X,,,,,,,,X,X,
"APP.5.1.A17","",X,,X,,,,,,,,,,,,
"APP.5.1.A18","",,,,,X,,,,,,X,,,X,
"APP.5.1.A19","",,,,,,,,,,,,,,,
"APP.5.1.A20","",,,,,,,,,,,,,,,
"APP.5.1.A21","CI",,X,,X,,,,,,,,,,,
"APP.5.1.A22","",,,,,X,,,,,,X,X,,X,
"CON.4","CIA","G 0.18","G 0.19","G 0.20","G 0.22","G 0.28","G 0.29","G 0.31","G 0.39","G 0.46"
"CON.4.A01","",,,X,,,,,X,
"CON.4.A02","",X,,,,,,,,
"CON.4.A03","",,,,,X,,X,,
"CON.4.A04","",X,,,,,,,,
"CON.4.A05","",X,,,,,,,,
"CON.4.A06","",X,,,,,,,,
"CON.4.A07","",,,X,,,,,,
"CON.4.A08","",,,,,,X,,,
"CON.4.A09","",X,,,,,,X,,
"CON.4.A10","CIA",X,,,,,,,,
"CON.4.A11","CIA",X,,,,X,X,,,
"CON.4.A12","CI",,X,,X,,,,,X
"APP.3.6","CIA","G 0.09","G 0.18","G 0.19","G 0.20","G 0.21","G 0.22","G 0.23","G 0.25","G 0.26","G 0.27","G 0.28","G 0.30","G 0.31","G 0.32","G 0.40","G 0.43","G 0.45","G 0.46"
"APP.3.6.A01","",X,X,,,,,,,,,,,,,,,,
"APP.3.6.A02","",,,,,,,,X,X,X,,,,,X,,,
"APP.3.6.A03","",,,,,,X,X,,,,X,,,,X,,,
"APP.3.6.A04","",,,X,,,X,X,,,,,,,,X,X,X,X
"APP.3.6.A05","",,,,,,,,,,,,,,,,,,
"APP.3.6.A06","",,,,,,X,X,,,,,X,,,,,,
"APP.3.6.A07","",,,,,,,,X,X,X,,,,,X,,,X
"APP.3.6.A08","",,X,,,,,,,,,,,,,,,,
"APP.3.6.A09","",,,,,,,X,,,,,,,,X,,X,
"APP.3.6.A10","",,,,X,X,,,,,,X,,,,,,,
"APP.3.6.A11","",,,,,,,,X,X,X,,,,,X,,,
"APP.3.6.A12","",,X,,,,,,,,,,,X,X,,,,
"APP.3.6.A13","",,X,X,,,,,,,,,,,,,,,
"APP.3.6.A14","",,X,X,,,X,X,X,X,X,,,,,X,,,
"APP.3.6.A15","",,,,,,X,X,,X,X,,,,X,,,,
"APP.3.6.A16","",,,,,,X,X,,,,,X,,,,X,,
"APP.3.6.A17","",,,,,,X,X,,,,,X,,,X,X,,X
"APP.3.6.A18","",,,,,,X,X,,,,,X,,,,,,X
"APP.3.6.A19","",,,X,,,,,,,,,,,,,,,
"APP.3.6.A20","A",,,,,,,X,X,X,X,,,,,X,,X,
"APP.3.6.A21","CIA",,,X,,,X,X,,,,,X,,,,,,
"APP.3.6.A22","IA",X,,,,,,,,,,,,,,,,,
"APP.3.4","CIA","G 0.15","G 0.18","G 0.19","G 0.20","G 0.23","G 0.27","G 0.28","G 0.30","G 0.31","G 0.32","G 0.39","G 0.45","G 0.46"
"APP.3.4.A01","",,X,,,,,,,,,X,,
"APP.3.4.A02","",X,,,,X,X,X,,X,X,,,
"APP.3.4.A03","",,,,,X,X,,X,,,,,
"APP.3.4.A04","",,,,,,,,,,,,X,X
"APP.3.4.A05","",,,,,,,,,,X,,,X
"APP.3.4.A06","",,,,,,,,,,X,,,
"APP.3.4.A07","",,X,,,,,,,,,,,
"APP.3.4.A08","",,X,,,,,,,,X,,,
"APP.3.4.A09","",,,X,,,,,,,,,,
"APP.3.4.A10","",,,X,X,,,X,,,,,,
"APP.3.4.A11","",X,,,,,,,,,,,,X
"APP.3.4.A12","",,,,,,,,,X,,,,
"APP.3.4.A13","",,,,,,,,,,,,X,
"APP.3.4.A14","",,,,,,,,,,,,,
"APP.3.4.A15","CI",X,,X,,,,,,,,,,X
"OPS.1.2.2","CIA","G 0.02","G 0.04","G 0.14","G 0.18","G 0.19","G 0.22","G 0.25","G 0.26","G 0.28","G 0.29","G 0.30","G 0.31","G 0.37","G 0.45","G 0.46"
"OPS.1.2.2.A01","",,,,X,,,,,,X,,,X,,
"OPS.1.2.2.A02","",,,,X,,,,,,,X,,,,
"OPS.1.2.2.A03","",X,X,,,,,,,,,,,,,
"OPS.1.2.2.A04","",,,,X,,,X,X,,,,,,,
"OPS.1.2.2.A05","",,,,X,,,,,,X,,,,,
"OPS.1.2.2.A06","",,,,,,,X,X,X,,,,,,X
"OPS.1.2.2.A07","",,,,,,,,,,,,,,X,X
"OPS.1.2.2.A08","",,,X,,,X,,,,X,,,,,
"OPS.1.2.2.A09","",,,,,,,,,,,,,,X,X
"OPS.1.2.2.A10","",,,,X,,,,,,X,,X,,,
"OPS.1.2.2.A11","",,,,,,,X,X,,,X,X,,,
"OPS.1.2.2.A12","",,,,,,,X,X,,,,,,X,X
"OPS.1.2.2.A13","",,,,X,,,,,,X,,,,,
"OPS.1.2.2.A14","",,,,X,,,X,X,X,,,,,,
"OPS.1.2.2.A15","",,,,X,,,X,X,X,,,,,,X
"OPS.1.2.2.A16","",,,,X,,,,,,,,,,,X
"OPS.1.2.2.A17","",,,,,,,X,X,,,,,,,
"OPS.1.2.2.A18","",,,,X,,,,,X,X,,,,,
"OPS.1.2.2.A19","",,,,X,,,X,X,,,,,,,
"OPS.1.2.2.A20","CI",,,,,,,X,X,X,,,,,X,X
"OPS.1.2.2.A21","CI",,,X,,X,,,,,X,,,X,,
"APP.4.3","CIA","G 0.14","G 0.15","G 0.18","G 0.19","G 0.20","G 0.21","G 0.22","G 0.23","G 0.25","G 0.26","G 0.27","G 0.28","G 0.30","G 0.31","G 0.32","G 0.36","G 0.37","G 0.39","G 0.40","G 0.43","G 0.45","G 0.46"
"APP.4.3.A01","",,,X,,,,,,,,X,,X,,,,,,,,,
"APP.4.3.A02","",,,,,X,,,X,,,,X,,,,,,,,,,
"APP.4.3.A03","",X,X,,X,,X,X,X,,,,,X,,,,,X,,,,X
"APP.4.3.A04","",X,X,,X,,X,X,X,,,,,X,,,,,,,,,X
"APP.4.3.A05","",,,,,,,,X,,,,,X,,X,X,X,,,,,
"APP.4.3.A06","",,,,X,,X,X,X,,,,,X,,,X,,,,,,
"APP.4.3.A07","",X,,,X,,X,X,X,,,,X,X,,,,,X,,,,X
"APP.4.3.A08","",,,,,,,,,,X,X,,,,,,X,,,,,
"APP.4.3.A09","",,,,,,X,X,,,,,,,,,,,,,,X,X
"APP.4.3.A10","",,,X,,X,,,,,,,,,,,,,,,,,
"APP.4.3.A11","",,,,,,,,,X,X,X,,,,,,,,X,,,
"APP.4.3.A12","",X,X,,X,,X,X,X,,,,,X,,,,,X,,,,X
"APP.4.3.A13","",X,,,,,,X,X,,,,,X,,,,,,,,,
"APP.4.3.A14","",,,,,,X,X,,,,,,,,,,,,,,X,X
"APP.4.3.A15","",,,,X,,,,,,,,,,X,,,,,,,,
"APP.4.3.A16","",,X,,,,,,,,,,,,,,,,,,X,,
"APP.4.3.A17","",,,,,,X,X,,,X,,,,,,,,,,,,
"APP.4.3.A18","",,,,,,,,,X,X,X,,,,,,,,X,,,
"APP.4.3.A19","",,,,X,,X,X,X,,,,X,,X,,,,X,,,,X
"APP.4.3.A20","",,,,X,X,,X,X,,X,,X,X,,,X,,,,,,X
"APP.4.3.A21","CI",,,,X,,X,,X,,,,X,X,,,,,,,,,X
"APP.4.3.A22","CIA",,,,,,,,,X,,,,,,,,,,X,,X,
"APP.4.3.A23","IA",,,,,,X,X,,,,,,,,,,,,,,X,X
"APP.4.3.A24","C",X,X,,X,X,,X,X,,,,,,,,,,X,,,,X
"APP.4.3.A25","CIA",,X,X,X,,X,X,X,,X,,X,X,,X,,,X,,,,X
"DER.2.2","CIA","G 0.17","G 0.20","G 0.22","G 0.25","G 0.27","G 0.29","G 0.31","G 0.37","G 0.45","G 0.46"
"DER.2.2.A01","",,,,,,X,,,X,
"DER.2.2.A02","",X,X,X,X,,,X,,X,X
"DER.2.2.A03","",,,,,X,,X,,X,
"DER.2.2.A04","",,,,X,,,,,X,X
"DER.2.2.A05","",X,X,X,X,,,X,,X,X
"DER.2.2.A06","",,X,,,,,X,,X,X
"DER.2.2.A07","",,,,,,,X,,X,X
"DER.2.2.A08","",X,,X,,,,X,X,X,X
"DER.2.2.A09","",X,,X,,,,X,X,X,X
"DER.2.2.A10","",X,,X,,,,X,X,X,X
"DER.2.2.A11","",X,,X,X,,,X,X,X,X
"DER.2.2.A12","",X,,X,,,,,X,X,X
"DER.2.2.A13","CIA",,,,,X,,X,,X,
"DER.2.2.A14","CIA",X,,X,X,,,X,X,X,X
"DER.2.2.A15","CIA",X,,X,X,,,X,X,X,X
"DER.1","CIA","G 0.09","G 0.11","G 0.18","G 0.19","G 0.20","G 0.21","G 0.22","G 0.23","G 0.25","G 0.26","G 0.27","G 0.28","G 0.29","G 0.30","G 0.31","G 0.32","G 0.33","G 0.37","G 0.38","G 0.39","G 0.40","G 0.41","G 0.46"
"DER.1.A01","",,,X,,,,,,,,X,,,,,,,,,,,,
"DER.1.A02","",,,,X,,,,,,,,,X,,,,,X,X,,,,
"DER.1.A03","",,,X,,,,,,,,,,,,,,X,,,,,,
"DER.1.A04","",,,X,,,,,,,X,,,,,X,,,,,,,,
"DER.1.A05","",X,,,,,X,X,X,,,,X,,X,X,X,,,,X,,X,
"DER.1.A06","",,,X,,,,,X,X,X,X,,,X,,X,,,,X,,,
"DER.1.A07","",,,X,,,,,,,,,,,,X,X,,,,,,,
"DER.1.A08","",X,,X,,,,,,,,,,,,,,,,,,,,
"DER.1.A09","",X,,,,,X,,X,,,,,,X,X,X,,,,X,,X,
"DER.1.A10","",,,,,,X,,X,,,,,X,,,X,,,,X,,,
"DER.1.A11","",X,,,X,,X,,X,X,X,X,X,,X,X,X,,X,,X,,,
"DER.1.A12","",,,,,X,,,,,,,X,,,,,,,,,,,
"DER.1.A13","",,,X,X,X,X,X,X,,X,X,,,X,,X,,,,X,,,
"DER.1.A14","CI",,X,,,,,,,,,X,,,,,,X,,,,,,
"DER.1.A15","CIA",X,,,X,,X,,X,X,X,X,X,,X,X,X,,X,,X,,,X
"DER.1.A16","CIA",,,X,,,X,,X,,,,,,X,,X,,,,,X,X,X
"DER.1.A17","CI",X,,,,,,,X,,,X,X,,X,,X,,,,X,X,,
"DER.1.A18","CI",,,X,,,,,,,X,X,X,,,X,,,,,,,,X
"SYS.2.2.2","CIA","G 0.16","G 0.17","G 0.18","G 0.19","G 0.21","G 0.22","G 0.23","G 0.25","G 0.28","G 0.29","G 0.30","G 0.31","G 0.32","G 0.36","G 0.39","G 0.45","G 0.46"
"SYS.2.2.2.A01","",,,,,,X,,,X,X,X,X,,,,,
"SYS.2.2.2.A02","",X,,,X,,X,X,,,X,X,,X,,,,X
"SYS.2.2.2.A03","",,,,X,,,,,,X,,,X,,X,X,X
"SYS.2.2.2.A04","",,,X,,,,,,,,,,,,,,
"SYS.2.2.2.A05","",,,,X,,X,,,,X,X,X,,,X,,X
"SYS.2.2.2.A06","",X,X,X,X,X,,,,,X,X,,X,,,,X
"SYS.2.2.2.A07","",,,,,,X,,,,,,X,,,,,X
"SYS.2.2.2.A08","",,,,X,,,,,,,X,,,,,X,
"SYS.2.2.2.A09","",,,,X,,X,,,,,,,X,X,X,,X
"SYS.2.2.2.A10","",X,,X,X,,X,,X,,X,X,X,,,,X,
"SYS.2.2.2.A11","",X,,X,X,,X,,X,,X,X,X,,,,X,
"SYS.2.2.2.A12","",,,X,X,,,,,,,,,,,,,X
"SYS.2.2.2.A13","",,,,X,,X,,,,,,,X,X,X,,X
"SYS.2.2.2.A14","CIA",,,,X,,X,,,,,,,X,X,X,,X
"SYS.2.2.2.A15","CI",,,,X,,,,,,,,,,,,,X
"SYS.2.2.2.A16","CIA",,,,,,X,,,,,X,X,,,,,
"SYS.2.2.2.A17","CIA",,,,,,,,,,,,X,,,,,
"SYS.2.2.2.A18","A",,,X,,,X,,,,,,,X,,,,
"SYS.2.2.2.A19","C",X,,,,,,,,,,,X,,,,,
"SYS.2.2.2.A20","CIA",,,,X,,,,,,,X,X,X,,,,X
"SYS.2.2.2.A21","CI",,,,,,X,,,,,,X,,,,,X
"OPS.2.1","CIA","G 0.11","G 0.14","G 0.15","G 0.17","G 0.18","G 0.19","G 0.22","G 0.25","G 0.29","G 0.35","G 0.42"
"OPS.2.1.A01","",,,,,X,,,,X,,
"OPS.2.1.A02","",,,,,,,,,X,,
"OPS.2.1.A03","",X,,,,,,,,,,
"OPS.2.1.A04","",,,,,,,,,X,,
"OPS.2.1.A05","",X,,,,X,,,,X,,
"OPS.2.1.A06","",,,,X,X,X,X,X,X,,
"OPS.2.1.A07","",,X,,,,X,,,,,X
"OPS.2.1.A08","",,,,,,X,,,X,,
"OPS.2.1.A09","",X,,X,,X,,,,,,
"OPS.2.1.A10","",,X,X,X,,X,X,,,,
"OPS.2.1.A11","",,,,,,X,,,,,
"OPS.2.1.A12","",,,,,X,,,,,,
"OPS.2.1.A13","",,,,,X,X,,,,,
"OPS.2.1.A14","",X,,,,,,,X,,,
"OPS.2.1.A15","",X,,,,,,,,,,
"OPS.2.1.A16","CIA",,,,,,,,,X,X,
"OPS.3.1","CIA","G 0.09","G 0.14","G 0.17","G 0.18","G 0.19","G 0.22","G 0.25","G 0.30","G 0.33","G 0.38","G 0.41","G 0.45","G 0.46"
"OPS.3.1.A01","",,,,X,,,,,,,,,
"OPS.3.1.A02","",,,,,,,X,X,X,,,,
"OPS.3.1.A03","",,,,,X,,,,,,,X,X
"OPS.3.1.A04","",,X,,,X,,,,,,,,X
"OPS.3.1.A05","",,,,,,,,X,X,,,,
"OPS.3.1.A06","",,,,,,,,X,X,,,,
"OPS.3.1.A07","",,,,,X,,,,,,,,X
"OPS.3.1.A08","",X,X,,,,,,,,,,X,
"OPS.3.1.A09","",,X,X,,X,X,,,,X,,,X
"OPS.3.1.A10","",,,,,X,,,,,,,,X
"OPS.3.1.A11","",,,,X,X,,,X,,,,,
"OPS.3.1.A12","",,,,X,X,,,X,,,,,
"OPS.3.1.A13","",,,,,X,,,,,,,X,X
"OPS.3.1.A14","",X,,,,,,X,,X,,,X,
"OPS.3.1.A15","",,,,,X,,,,,,,X,X
"OPS.3.1.A16","CI",,,,,,,,,,,X,,
"NET.3.2","CIA","G 0.08","G 0.09","G 0.14","G 0.18","G 0.19","G 0.20","G 0.21","G 0.22","G 0.23","G 0.24","G 0.25","G 0.26","G 0.27","G 0.28","G 0.29","G 0.30","G 0.31","G 0.32","G 0.39","G 0.40","G 0.41","G 0.43","G 0.45","G 0.46"
"NET.3.2.A01","",,,,X,,,,,,,,,X,,,,,,,,,,,
"NET.3.2.A02","",,,X,,X,,,,X,,,,,,,,,,X,X,X,X,,X
"NET.3.2.A03","",,,X,,X,,,,X,,,,,,,,,,X,X,X,X,,X
"NET.3.2.A04","",,X,X,,X,,X,X,X,,X,X,,X,,X,,X,,,X,,X,X
"NET.3.2.A05","",,,,,,,,X,,,,X,,,,,,,,,X,,,X
"NET.3.2.A06","",,X,,,X,,X,X,X,,X,,,X,,X,,X,,,X,,X,X
"NET.3.2.A07","",,X,,,,,,,,,X,,,,,,,,,,,,,
"NET.3.2.A08","",,,,,,,,X,,,X,,,,,,,,,,X,X,,
"NET.3.2.A09","",,,,,,,X,X,,,,,,,X,X,X,X,,,X,X,X,X
"NET.3.2.A10","",,,,,X,,,,,,,,,,,,,,,,X,X,,
"NET.3.2.A11","",,,,,,X,X,,,X,,,,X,,,,,,,X,,,
"NET.3.2.A12","",,,,X,,,,,,,,,,,,,,,,,X,,,
"NET.3.2.A13","",,,,,,,,,,,,,,,,,,,,,,,X,
"NET.3.2.A14","",,,,X,,X,,,,,,,,,,,,,,,,,,
"NET.3.2.A15","",,,,X,,X,,,,,,,,,,,,,,,,,,
"NET.3.2.A16","",,,X,,X,,,X,X,,,,,,,,,,X,X,,,,
"NET.3.2.A17","",,,,,,,,,X,,,,,,,,,,,,,,,
"NET.3.2.A18","",,X,,,,,,,X,,,,,,,X,,,,,,,,
"NET.3.2.A19","",,,,,,,,,,,,,,,,,,,,X,X,,,
"NET.3.2.A20","",,,X,,X,,,,,,,,,X,,,,,,,,X,,
"NET.3.2.A21","",,,,,,,,X,,,,,,,,,,,,,X,X,,
"NET.3.2.A22","",,,,,,,X,X,,,,,,,X,X,X,X,,,X,X,X,X
"NET.3.2.A23","",X,X,,,,,,,X,,X,X,X,,,,,,,X,X,,,
"NET.3.2.A24","",,,,,,,X,X,X,,,,X,,,,,,,,X,,,
"NET.3.2.A25","I",,,,,X,,X,X,X,,,,X,,,,,,,,,,X,X
"NET.3.2.A26","CIA",,,,X,,,,,,,X,,X,,,,,,,,,,,
"NET.3.2.A27","CI",,,X,,X,,X,,X,,,X,,X,,,,,,,,,,
"NET.3.2.A28","CI",,,,,,,,,,,,,,,,,,,,,X,,,X
"NET.3.2.A29","A",X,X,,,,,,,,,X,,,,,,,,,,,,,
"NET.3.2.A30","A",,X,,,,,,,,,,,,,,,,,,X,,,,
"NET.3.2.A31","CI",,,,,,X,,,,,,,,,,,,,,,,,,
"CON.9","CIA","G 0.14","G 0.18","G 0.19","G 0.22","G 0.25","G 0.29","G 0.45"
"CON.9.A01","",,X,X,,,X,
"CON.9.A02","",,,X,,,,
"CON.9.A03","",,,X,,,X,
"CON.9.A04","",,X,X,,,,
"CON.9.A05","",,,X,,,,
"CON.9.A06","",,,,,X,,
"CON.9.A07","",,,,,,,X
"CON.9.A08","",X,,,X,,,
"SYS.4.1","CIA","G 0.15","G 0.16","G 0.18","G 0.19","G 0.21","G 0.22","G 0.23","G 0.25","G 0.30","G 0.31"
"SYS.4.1.A01","",,X,X,,,,,,,
"SYS.4.1.A02","",,X,,X,X,,,,,
"SYS.4.1.A03","",,,,,,,,,,
"SYS.4.1.A04","",,,X,,,,,,X,
"SYS.4.1.A05","",,,,,,,,,,X
"SYS.4.1.A06","",,,,,,,,,,
"SYS.4.1.A07","",X,,,,,,X,,X,
"SYS.4.1.A08","",,,,,,,,,,
"SYS.4.1.A09","",,,,,,,,,,
"SYS.4.1.A10","",,,,,,,,,,
"SYS.4.1.A11","",X,,,,,,X,,X,
"SYS.4.1.A12","",,,,X,,,,,,
"SYS.4.1.A13","",,,,,,,,,,
"SYS.4.1.A14","CIA",,,,X,,,,,X,
"SYS.4.1.A15","",,,,X,,X,,,,
"SYS.4.1.A16","A",,,,,,,,X,,
"SYS.4.1.A17","",,,,X,,,,,,
"SYS.4.1.A18","",,,X,X,,X,,,,
"SYS.4.1.A19","",,,,X,,,,,,
"SYS.4.1.A20","C",,,,X,,,,,,
"SYS.4.1.A21","CIA",,,X,,X,,,,,
"SYS.4.1.A22","",,,,X,,,,,,
"NET.2.1","CIA","G 0.09","G 0.15","G 0.16","G 0.18","G 0.23","G 0.24","G 0.25","G 0.30","G 0.31","G 0.40","G 0.43","G 0.44"
"NET.2.1.A01","",,,,X,,,,,,,,
"NET.2.1.A02","",X,X,,X,X,,,X,,,X,
"NET.2.1.A03","",,X,,X,X,,,X,,,X,
"NET.2.1.A04","",X,,X,X,,X,X,,,X,,X
"NET.2.1.A05","",,X,,,X,,,X,X,,X,
"NET.2.1.A06","",,X,,,X,,,X,X,,X,
"NET.2.1.A07","",,X,,X,X,,,,,,,
"NET.2.1.A08","",,X,,,,,,,,,,
"NET.2.1.A09","",,X,,X,X,,,,X,,,
"NET.2.1.A10","",,X,,X,,,,,,,,
"NET.2.1.A11","",,,,X,,,,,,,,
"NET.2.1.A12","",,,X,,X,,X,X,X,X,X,
"NET.2.1.A13","",,,,,X,,,X,,X,X,
"NET.2.1.A14","",,,,,X,,,X,,X,X,
"NET.2.1.A15","CI",,X,,,X,,,X,X,,X,
"NET.2.1.A16","CIA",,X,,,X,,,X,,,,
"NET.2.1.A17","C",,X,,,X,,,,,,,
"NET.2.1.A18","CIA",,,,,X,,,X,,X,X,
"NET.2.2","CIA","G 0.15","G 0.18","G 0.23","G 0.31","G 0.43"
"NET.2.2.A01","",X,X,X,X,X
"NET.2.2.A02","",X,X,X,X,X
"NET.2.2.A03","",X,,X,,X
"NET.2.2.A04","",,,X,,
"OPS.1.1.2","CIA","G 0.14","G 0.16","G 0.21","G 0.22","G 0.27","G 0.29","G 0.30","G 0.31","G 0.32","G 0.33","G 0.35","G 0.37","G 0.42"
"OPS.1.1.2.A01","",X,X,X,X,,,,X,X,,X,,
"OPS.1.1.2.A02","",,,,,,,,,,X,,,
"OPS.1.1.2.A03","",X,X,X,X,,X,X,,X,,X,,X
"OPS.1.1.2.A04","",X,,X,X,,,X,,X,,X,X,
"OPS.1.1.2.A05","",X,,X,X,,,X,,,,,X,
"OPS.1.1.2.A06","",X,,X,X,,,X,,,,,X,
"OPS.1.1.2.A07","",X,,X,X,,X,X,,X,,,,
"OPS.1.1.2.A08","",,,,,,,X,X,X,,,,
"OPS.1.1.2.A09","",,,,,X,,,X,,X,,,
"OPS.1.1.2.A10","",,,,,,,,X,,,,,
"OPS.1.1.2.A11","",,,,X,,,X,,X,,,X,
"OPS.1.1.2.A12","",X,X,X,X,,X,X,,,,,,X
"OPS.1.1.2.A13","",X,,X,X,,,X,,X,,,X,
"OPS.1.1.2.A14","CIA",X,X,X,X,,,X,,X,,,,
"OPS.1.1.2.A15","CI",,,X,X,,,,,X,,X,,X
"OPS.1.1.2.A16","CIA",X,,X,X,,,X,,,,,,
"OPS.1.1.2.A17","CI",X,,X,X,X,,X,X,X,X,X,X,X
"OPS.1.1.2.A18","CI",X,,X,X,,,X,,X,,,X,
"OPS.1.1.2.A19","A",,,,,X,,,,,X,,,
"SYS.3.1","CIA","G 0.04","G 0.14","G 0.16","G 0.17","G 0.18","G 0.19","G 0.22","G 0.31","G 0.39","G 0.45"
"SYS.3.1.A01","",X,X,X,X,X,X,X,,X,X
"SYS.3.1.A02","",,X,,,,X,X,,,
"SYS.3.1.A03","",,X,,,,X,,,X,
"SYS.3.1.A04","",,X,,,,X,,,,
"SYS.3.1.A05","",,,,X,,,,,,X
"SYS.3.1.A06","",X,X,X,X,X,X,X,,X,X
"SYS.3.1.A07","",,X,,,X,X,,X,,
"SYS.3.1.A08","",,X,,,,X,,,X,
"SYS.3.1.A09","",,X,,,,X,,,X,
"SYS.3.1.A10","",,,,,,,,,,X
"SYS.3.1.A11","",,,,,,,,,,X
"SYS.3.1.A12","",,X,,,,X,,,,
"SYS.3.1.A13","",,X,,,,X,X,,,
"SYS.3.1.A14","",X,X,X,X,,X,X,,,
"SYS.3.1.A15","A",,,,,X,,,,,
"SYS.3.1.A16","CI",,,,,X,,,X,,
"SYS.3.1.A17","A",X,,,X,,,,,,
"SYS.3.1.A18","CIA",,,X,,,,,,,
"ORP.1","CIA","G 0.14","G 0.16","G 0.17","G 0.18","G 0.19","G 0.22","G 0.25","G 0.26","G 0.27","G 0.29","G 0.38","G 0.45","G 0.46"
"ORP.1.A01","",X,,,X,X,X,,,,X,X,,X
"ORP.1.A02","",X,X,,X,X,X,X,X,X,X,X,,X
"ORP.1.A03","",X,X,,,X,X,,,,,,,
"ORP.1.A04","",,,,,X,X,,,,X,X,,
"ORP.1.A05","",X,X,,,X,X,,,,,X,,X
"ORP.1.A06","",X,X,,,X,X,,,,,X,,X
"ORP.1.A07","",X,X,,X,X,X,X,X,,,,,
"ORP.1.A08","",X,X,,X,X,,,,X,,,,
"ORP.1.A09","",,,,,,,,,,,,,
"ORP.1.A10","",X,X,X,,X,X,X,X,,X,X,X,X
"ORP.1.A11","",,,,X,,,,,,X,,,
"ORP.1.A12","",X,,,X,X,X,X,X,X,,X,,X
"ORP.1.A13","",X,X,,X,X,X,X,X,,,X,,X
"ORP.1.A14","CIA",X,X,,,X,X,,,,,,,
"INF.1","CIA","G 0.01","G 0.02","G 0.03","G 0.04","G 0.05","G 0.06","G 0.07","G 0.08","G 0.10","G 0.16","G 0.18","G 0.29","G 0.34","G 0.44"
"INF.1.A01","",X,X,X,X,X,X,X,X,X,,X,X,X,X
"INF.1.A02","",,,,,,,,X,,,,,,
"INF.1.A03","",X,,,X,X,X,,,,,X,X,,
"INF.1.A04","",X,,,,,,,,,,X,X,,
"INF.1.A05","",X,,,,,,,,,,X,X,,
"INF.1.A06","",,,X,,,,X,,,X,,,,X
"INF.1.A07","",,,,,,,X,,,X,,,,X
"INF.1.A08","",X,,,X,,,,,,,,,,
"INF.1.A09","",,X,,,,,X,,,X,X,,X,X
"INF.1.A10","",,,,,,,,,,,X,X,,
"INF.1.A11","",,,,,,,,,,X,,,,X
"INF.1.A12","",X,,X,,,,,,,X,X,,,X
"INF.1.A13","",,,,,,,,X,X,,,,,X
"INF.1.A14","",X,,,,X,,,X,X,,X,,,
"INF.1.A15","",,,,,,,,X,X,,,,,
"INF.1.A16","",,,,,,,,,,,,,X,
"INF.1.A17","",X,,,,,,,,,,X,X,,
"INF.1.A18","",X,,,X,,,,,,,X,X,,
"INF.1.A19","",X,,,,,,,,,,X,,,
"INF.1.A20","",X,,,,X,X,,,,,,,X,
"INF.1.A21","A",,,,,,,,X,X,,,,,
"INF.1.A22","CIA",X,,,,,,X,,,X,,,X,X
"INF.1.A23","C",,,,,,,X,,,X,,,X,X
"INF.1.A24","A",,,X,,X,,,,,,,,,
"INF.1.A25","A",,X,X,,X,X,,X,X,,X,,,
"INF.1.A26","CIA",,,,,,,,,,X,,,,X
"INF.1.A27","CIA",,,,,,,,,,X,,,,X
"INF.1.A28","IA",,X,,,,,,,,,,,,
"INF.1.A29","CIA",,,,X,,,,X,,X,,,,X
"INF.1.A30","CIA",,X,X,,X,X,,X,X,,X,,,X
"INF.1.A31","C",,,,,,,,,,X,X,,,X
"INF.1.A32","A",,,,,,,,,,,X,,,
"INF.1.A33","CIA",,,,,,,,,,X,,,,X
"INF.1.A34","A",X,,,,,,,,,,,,,
"SYS.4.5","CIA","G 0.02","G 0.04","G 0.14","G 0.16","G 0.17","G 0.19","G 0.20","G 0.21","G 0.22","G 0.23","G 0.29","G 0.39","G 0.46"
"SYS.4.5.A01","",X,X,,X,X,,,X,X,X,X,,
"SYS.4.5.A02","",,,,X,,,,X,,,,,
"SYS.4.5.A03","",,,,,,,,,,,,,
"SYS.4.5.A04","",,,,,,X,,,X,,,X,
"SYS.4.5.A05","",,,,X,X,X,,,,,,,
"SYS.4.5.A06","",X,X,,,X,,,,,,,,
"SYS.4.5.A07","",,,,,,X,,,,,,,
"SYS.4.5.A08","",,,,,,,,,,,,,
"SYS.4.5.A09","",,,,,,,,,,,,,
"SYS.4.5.A10","C",,,X,,,X,,,,,,,
"SYS.4.5.A11","I",,,,,,,,,X,,,,X
"SYS.4.5.A12","",,,,,,,,,,,,X,
"SYS.4.5.A13","",,,,,X,X,,,,,,,
"SYS.4.5.A14","CIA",X,X,,,X,,,,,,,,
"SYS.4.5.A15","CIA",,,,,,,X,,,,,,
"SYS.4.5.A16","CI",,,,,,,,,,,,X,
"ORP.3","CIA","G 0.14","G 0.15","G 0.19","G 0.24","G 0.29","G 0.30","G 0.31","G 0.32","G 0.36","G 0.37","G 0.38","G 0.42","G 0.45","G 0.46"
"ORP.3.A01","",X,X,X,X,X,X,X,X,X,X,X,X,X,X
"ORP.3.A02","",X,X,X,X,X,X,X,X,X,X,X,X,X,X
"ORP.3.A03","",X,X,X,X,X,X,X,X,X,X,X,X,X,X
"ORP.3.A04","",,,,,X,,,,,,,,,
"ORP.3.A05","",,,,,X,,,,,,,,,
"ORP.3.A06","",,,,,X,,,,,,,,,
"ORP.3.A07","",X,X,X,X,X,X,X,X,X,X,X,X,X,
"ORP.3.A08","",,,,,X,,,,,,,,,
"ORP.3.A09","CIA",X,X,X,X,X,X,X,X,X,X,X,X,X,X
"OPS.1.2.5","CIA","G 0.14","G 0.18","G 0.19","G 0.20","G 0.21","G 0.22","G 0.25","G 0.30","G 0.31","G 0.37","G 0.39","G 0.40"
"OPS.1.2.5.A01","",,X,,,,,,,,,,
"OPS.1.2.5.A02","",,,,,,,,,X,,,
"OPS.1.2.5.A03","",X,X,,,,,X,,X,,,
"OPS.1.2.5.A04","",,X,,,,,X,,,,,
"OPS.1.2.5.A05","",,,X,,,,X,,,,,
"OPS.1.2.5.A06","",,X,,,,,,,,,,
"OPS.1.2.5.A07","",,X,X,,,,,,,,,
"OPS.1.2.5.A08","",X,,X,,,X,,,,,,
"OPS.1.2.5.A09","",,X,,X,,,,,,,,
"OPS.1.2.5.A10","",,X,,X,,,,,,X,,
"OPS.1.2.5.A11","",,,,,,,,,,,,
"OPS.1.2.5.A12","",,,,,,,,,,,,
"OPS.1.2.5.A13","",,,,,,,,,,,,
"OPS.1.2.5.A14","CIA",,,,,X,X,X,,,,,
"OPS.1.2.5.A15","",,,,,,,,,,,,
"OPS.1.2.5.A16","",,,,,,,,,,,,
"OPS.1.2.5.A17","",X,,,,X,,X,,,,,
"OPS.1.2.5.A18","",,,,,,,,,,,,
"OPS.1.2.5.A19","",,,X,,X,,,,,,X,
"OPS.1.2.5.A20","",,X,,,,,X,,,,X,X
"OPS.1.2.5.A21","",,X,,,,,,X,,,,
"OPS.1.2.5.A22","A",,X,X,,,X,,X,,X,,
"OPS.1.2.5.A23","",,,,,,,,,,,,
"OPS.1.2.5.A24","",,,,X,,,X,,X,,,
"INF.4","CIA","G 0.01","G 0.02","G 0.09","G 0.12","G 0.15","G 0.18","G 0.20","G 0.21","G 0.25","G 0.26","G 0.27","G 0.29","G 0.37","G 0.41"
"INF.4.A01","",,,X,X,,X,X,,X,X,X,,,
"INF.4.A02","",X,X,X,X,,X,,X,X,X,,X,,X
"INF.4.A03","",X,,X,,X,,,X,X,X,,X,X,X
"INF.4.A04","",X,,X,,,,,,X,X,,,,X
"INF.4.A05","",,X,,,,X,X,X,X,X,X,X,,X
"INF.4.A06","",X,,,,,,,X,X,X,,X,X,X
"INF.4.A07","",,,,,,X,,,,,,,X,
"INF.4.A08","",,,,,X,,,X,,,,,,
"INF.4.A09","",,,,,X,X,,,,,,,X,
"INF.4.A10","",,,,,X,,,,,,,,,
"INF.4.A11","",,,X,X,,,,X,X,X,,,,
"INF.4.A12","A",X,,X,,,,,,X,X,X,,,X
"INF.4.A13","IA",,,X,,X,,,X,X,,,,,X
"INF.4.A14","A",,,X,X,,,,,X,X,,,,
"INF.4.A15","IA",,,,,X,,,X,X,,,,,X
"ISMS.1","CIA","G 0.18","G 0.27","G 0.29"
"ISMS.1.A01","",X,X,
"ISMS.1.A02","",X,,
"ISMS.1.A03","",X,,
"ISMS.1.A04","",X,X,
"ISMS.1.A05","",X,,
"ISMS.1.A06","",X,,
"ISMS.1.A07","",X,,
"ISMS.1.A08","",X,,X
"ISMS.1.A09","",X,,
"ISMS.1.A10","",X,,
"ISMS.1.A11","",X,,X
"ISMS.1.A12","",,,X
"ISMS.1.A13","",X,,
"ISMS.1.A14","",,,X
"ISMS.1.A15","",X,,X
"ISMS.1.A16","CIA",X,X,
"ISMS.1.A17","A",X,,
"SYS.4.4","CIA","G 0.02","G 0.04","G 0.08","G 0.09","G 0.14","G 0.16","G 0.18","G 0.19","G 0.20","G 0.21","G 0.23","G 0.24","G 0.25","G 0.26","G 0.28","G 0.29","G 0.30","G 0.38","G 0.39","G 0.40"
"SYS.4.4.A01","",,,,,X,,X,X,X,,X,,,X,X,,,,,
"SYS.4.4.A02","",,,,,X,,,X,,X,X,,,,,,X,X,X,X
"SYS.4.4.A03","",,,,,X,,X,X,X,X,X,,X,X,X,,X,X,X,X
"SYS.4.4.A04","",,,,,X,,X,X,X,X,X,,X,X,X,,X,X,X,X
"SYS.4.4.A05","",,,,,X,,,X,X,X,X,,X,X,X,X,X,X,X,X
"SYS.4.4.A06","",X,X,X,X,X,X,X,X,X,X,X,X,X,X,X,X,X,X,X,X
"SYS.4.4.A07","",X,X,X,X,,X,X,X,,X,X,,,,,,X,X,X,X
"SYS.4.4.A08","",,,,,X,,X,,X,,X,,,X,X,,,,,
"SYS.4.4.A09","",X,X,X,X,X,X,X,X,X,X,X,X,X,X,X,,,,,
"SYS.4.4.A10","",,,,,X,,X,X,,X,X,,X,,X,,X,X,X,X
"SYS.4.4.A11","",,,,,X,,,,,,X,,,,X,,X,X,X,X
"SYS.4.4.A12","",,,,X,X,,X,,,,,,,,,,X,,,
"SYS.4.4.A13","",,,,,X,,,X,,X,X,,,X,X,,X,X,X,X
"SYS.4.4.A14","",,,,,,,X,,X,,,,,,,,X,,,
"SYS.4.4.A15","",,,,,X,,,X,,X,X,,,,X,,X,X,X,X
"SYS.4.4.A16","",,,,,,,,,,,,,,,,,,,X,
"SYS.4.4.A17","",,,,X,X,,,,,X,X,,X,X,X,,X,,,X
"SYS.4.4.A18","",,,,,X,,,X,,X,X,,,,,,X,,,
"SYS.4.4.A19","",,,,,X,,,X,,X,X,,,,X,,X,X,X,X
"SYS.4.4.A20","",,,,,,,X,X,,,,,,,,,,,,
"SYS.4.4.A21","I",X,X,X,,,X,X,,,,,X,X,,,X,,,,
"SYS.4.4.A22","A",,,,,,,,,,X,X,,X,X,,,,,,X
"SYS.4.4.A23","CIA",,,,,X,,X,X,X,X,X,,,X,X,,,,,
"SYS.4.4.A24","CIA",,,,,X,,,X,,,X,,,,X,,X,,,
"SYS.1.1","CIA","G 0.08","G 0.09","G 0.14","G 0.16","G 0.18","G 0.19","G 0.20","G 0.21","G 0.22","G 0.23","G 0.25","G 0.26","G 0.27","G 0.28","G 0.30","G 0.31","G 0.32","G 0.39","G 0.40","G 0.43","G 0.44","G 0.45","G 0.46"
"SYS.1.1.A01","",X,X,,X,,,,,,,X,X,,,,,,,,,X,,
"SYS.1.1.A02","",,,X,,,X,,,X,,,,,,X,,,,,,,,
"SYS.1.1.A03","",,,X,,,X,,,X,,,,,,X,,X,,,,,,X
"SYS.1.1.A04","",,,X,,,X,,,,,,,,,X,,X,,,,,,X
"SYS.1.1.A05","",,,X,,,X,,X,X,X,,,,,X,,X,,,,,,X
"SYS.1.1.A06","",,,X,,,X,,,,X,,,,,X,,,,,,,,
"SYS.1.1.A07","",,,,,,,X,,,X,,X,,X,,,,,X,,,,
"SYS.1.1.A08","",,,,,,,,,,,,,,,,,,,,,,X,
"SYS.1.1.A09","",,,,,,,,X,X,,,,,,,,,X,X,,,,
"SYS.1.1.A10","",,,,,,,,,,X,X,X,,,X,,,,,,,,
"SYS.1.1.A11","",X,X,,X,X,,X,,,,X,,X,X,X,X,,,,,X,X,
"SYS.1.1.A12","",X,X,,X,X,,,,,,X,,X,X,X,,,X,,,X,,
"SYS.1.1.A13","",,,,,X,,,,,X,,X,,X,,,X,,,,,,
"SYS.1.1.A14","",,,,,X,X,,X,X,,,,,,X,X,,,,,,,
"SYS.1.1.A15","",X,,,,,,,,,,X,X,,,,,,,,,,,
"SYS.1.1.A16","",,,,,,,X,,,,X,X,,X,X,,,,,,,,X
"SYS.1.1.A17","",,,,,,,,,,,X,X,,X,,,,,,,,,
"SYS.1.1.A18","",,,X,,,X,,,X,,,,,,X,,X,,,X,,,X
"SYS.1.1.A19","",,,X,,,X,,,,X,X,,,,,,,,X,X,,,
"SYS.1.1.A20","",,,X,,,,,,,X,,,,,X,,,,X,,,,
"SYS.1.1.A21","",X,X,X,X,,,,X,,,X,,,,,,,,,,,,
"SYS.1.1.A22","",,,X,,,X,,,,,,,,,,,,,,,,,
"SYS.1.1.A23","",,,,,,,,X,X,X,X,X,X,,,,X,,X,,,,
"SYS.1.1.A24","",,,,,X,,,,,,X,X,X,,,,,,,,,,
"SYS.1.1.A25","",,X,,,,,,,,,,,,,,,,,,,,,
"SYS.1.1.A26","C",,,X,,,,,,,X,,,,,X,,,,,,,,
"SYS.1.1.A27","IA",,,,,,,,X,X,X,X,X,X,,,,X,,X,,,,
"SYS.1.1.A28","A",X,X,,X,,,,,,,X,,,,,,,,,,,,
"SYS.1.1.A29","CIA",,,,,X,,X,,,,X,X,,,,,,,,,,,
"SYS.1.1.A30","CIA",,,,,,,,,,X,X,,,X,,,X,,X,,,,
"SYS.1.1.A31","CI",,,,,,,X,X,X,X,,,,,,,,X,X,,,,
"SYS.1.1.A32","CI",,,,,,,,,,,,,,,X,,X,,,,,,
"SYS.1.1.A33","CI",,,X,,,X,,,,,,,,,,,,,X,,,,
"SYS.1.1.A34","CI",,,X,,,X,,X,X,,,,,,,,,,,,,,X
"APP.1.1","CIA","G 0.18","G 0.19","G 0.20","G 0.21","G 0.22","G 0.28","G 0.29","G 0.37","G 0.39","G 0.45","G 0.46"
"APP.1.1.A01","",,,X,X,,,,,X,,
"APP.1.1.A02","",,X,,,X,,,,X,,
"APP.1.1.A03","",,,,,,,X,,X,,
"APP.1.1.A04","",,X,,,,X,,,X,,X
"APP.1.1.A05","",X,,,,,,,,,,
"APP.1.1.A06","",X,,X,X,,X,,,,X,X
"APP.1.1.A07","",X,,X,,,,,,,,
"APP.1.1.A08","",X,,,,,,X,,,,
"APP.1.1.A09","",,X,,,,,,,,,
"APP.1.1.A10","",X,,,,,X,,,,,
"APP.1.1.A11","",,,X,X,,X,X,,X,X,
"APP.1.1.A12","",X,X,,,,,X,,,,X
"APP.1.1.A13","",,,X,,,X,,,X,,
"APP.1.1.A14","",,X,,,X,,,X,,,X
"APP.1.1.A15","CI",,X,X,,X,,,X,,,X
"APP.1.1.A16","I",,,X,,X,,,,X,,X
"SYS.2.2.3","CIA","G 0.15","G 0.16","G 0.17","G 0.18","G 0.19","G 0.21","G 0.22","G 0.23","G 0.25","G 0.26","G 0.28","G 0.29","G 0.30","G 0.31","G 0.32","G 0.36","G 0.39","G 0.45","G 0.46"
"SYS.2.2.3.A01","",X,,,X,X,,,,,,,X,,,,X,,X,X
"SYS.2.2.3.A02","",,,,X,,,,,,,,X,,,,,,,
"SYS.2.2.3.A03","",,,,,,,,,,,,,,,,,,,
"SYS.2.2.3.A04","",X,,,X,X,,,,,,,X,,,,X,,,X
"SYS.2.2.3.A05","",,,,,,X,X,X,,,X,,,,,,X,,
"SYS.2.2.3.A06","",X,,,,X,,,,,,,,,,,X,,,
"SYS.2.2.3.A07","",,,,X,,,,X,,X,X,,X,X,,,,,
"SYS.2.2.3.A08","",,,,X,,,,X,,,,,X,X,X,,,,
"SYS.2.2.3.A09","",,,,X,,,,X,,,,,X,X,,,,,
"SYS.2.2.3.A10","",,,,X,,X,X,,,X,X,,,,,,X,,
"SYS.2.2.3.A11","",,,,X,,,,,,,X,,,,,,,,
"SYS.2.2.3.A12","",,,,X,X,,X,,,,,,X,,X,,,,X
"SYS.2.2.3.A13","",,,,X,X,,,,,,,X,,,,,,,X
"SYS.2.2.3.A14","",X,,,X,X,,,,,,,X,,,,,,,X
"SYS.2.2.3.A15","",,,,X,X,,,,,,,X,,,,,,,X
"SYS.2.2.3.A16","",,,,X,X,,,,,,X,X,,,,,,,
"SYS.2.2.3.A17","",,X,X,X,,,,X,,,,,X,,,,,,
"SYS.2.2.3.A18","",X,,,X,,,,X,,,,,X,X,,,,,
"SYS.2.2.3.A19","",X,,,X,X,,,X,,,,,X,X,,,,,
"SYS.2.2.3.A20","",,,,X,X,,,,,,X,,X,X,X,,,,
"SYS.2.2.3.A21","CI",,X,X,X,X,,,,,,,,,,,,,,
"SYS.2.2.3.A22","CIA",,,,X,,,X,,,,,,,,,,,,
"SYS.2.2.3.A23","CI",,,,X,X,,X,,,,,,,,,,,,
"SYS.2.2.3.A24","A",,,,X,,,,,,,,X,,,,,,,
"SYS.2.2.3.A25","CI",X,,,X,,,,X,,,,X,,,,X,,,
"SYS.2.1","CIA","G 0.14","G 0.15","G 0.19","G 0.20","G 0.21","G 0.22","G 0.23","G 0.25","G 0.26","G 0.28","G 0.30","G 0.31","G 0.36","G 0.39","G 0.40","G 0.43","G 0.45","G 0.46"
"SYS.2.1.A01","",X,,X,,,X,X,,,,,,X,,,,,
"SYS.2.1.A02","",,,,,X,X,,,,,X,X,X,,,,X,
"SYS.2.1.A03","",,,,X,,,,X,X,X,,,,,,,,
"SYS.2.1.A04","",,,,,,,,,,,,,,,,X,X,
"SYS.2.1.A05","",,,X,,,X,X,,,,X,,X,,,,,
"SYS.2.1.A06","",,,,,X,X,,,X,,,,,X,X,,,
"SYS.2.1.A07","",,,,,,,X,,X,,,,,,,,,
"SYS.2.1.A08","",,,,,X,X,,,,,X,X,,,,,X,
"SYS.2.1.A09","",,,X,,,,,,,,,X,,,,X,,
"SYS.2.1.A10","",,,,,,X,X,,,,,X,,,,X,,
"SYS.2.1.A11","",,,,,,,,X,,,,X,,,,,,
"SYS.2.1.A12","",,,,,,,,X,X,,,,,,X,,,
"SYS.2.1.A13","",,,,,X,,,,,,X,,,,,,,
"SYS.2.1.A14","",,,,,X,,,,X,X,,,,,,,,
"SYS.2.1.A15","",,,,,X,X,X,,,,X,,,,X,,X,
"SYS.2.1.A16","",,,X,,,,X,,,X,X,,,,X,,X,
"SYS.2.1.A17","",,,,,,,,,X,X,,,,,,,,
"SYS.2.1.A18","",,X,X,,,,,,,,,,,,,,X,X
"SYS.2.1.A19","",,,X,,,X,,,,,X,,,,,X,X,
"SYS.2.1.A20","",,X,,,X,,,,,,X,,,,,,,
"SYS.2.1.A21","",X,X,X,,,,,,,,,,,,,,,
"SYS.2.1.A22","",X,,X,,,X,,,,,X,,X,,,,,
"SYS.2.1.A23","",,,,,X,X,,X,,,,X,,,X,X,,
"SYS.2.1.A24","",X,,,,,,,,,,,X,,X,,,,
"SYS.2.1.A25","",,,,,,,,,,,,X,,,,,,
"SYS.2.1.A26","",,,,,X,,X,,,X,,,,,,,,
"SYS.2.1.A27","",X,,X,,,,,,,,,,,,,,,
"SYS.2.1.A28","C",X,X,X,,,,,,,,,,,,,,X,
"SYS.2.1.A29","A",,,,,X,,,X,X,,,,,,X,,,
"SYS.2.1.A30","CIA",,,,,X,,,,X,,,X,,,,,,
"SYS.2.1.A31","CIA",,,,,,,X,,,,X,,,,X,,,
"SYS.2.1.A32","CIA",,,X,,X,X,X,,,X,X,,,X,X,X,X,
"SYS.2.1.A33","CI",,,,,X,,,,,,,X,,X,,,X,
"SYS.2.1.A34","CIA",,,,,X,,,,,,,X,,X,,,X,
"SYS.2.1.A35","CI",X,X,X,,,,,,,,,,,,X,,,
"SYS.2.1.A36","CI",X,,X,X,X,,X,,,,X,,,,,,,
"SYS.2.1.A37","C",X,,X,,,,X,,,,X,,X,X,,X,X,
"SYS.2.1.A38","A",,,,,,,,X,X,,,,,,,,,
"SYS.2.1.A39","A",,,,,,,,X,X,,,X,,,,,,
"SYS.2.1.A40","A",,,,,X,,,X,,,,,,,,,,
"SYS.2.1.A41","A",,,,,,,,X,,,,X,,,,X,,
"INF.3","CIA","G 0.01","G 0.08","G 0.12","G 0.18","G 0.25","G 0.26","G 0.27","G 0.41"
"INF.3.A01","",,X,X,X,X,,X,X
"INF.3.A02","",X,X,X,X,X,,,
"INF.3.A03","",,X,X,X,X,,X,
"INF.3.A04","",,X,X,,X,,X,X
"INF.3.A05","",,X,X,,X,,X,
"INF.3.A06","",,X,X,X,,,,
"INF.3.A07","",X,X,X,,,,,
"INF.3.A08","",X,X,X,,,,,
"INF.3.A09","",,X,X,,X,,,
"INF.3.A10","",,X,X,,X,,,
"INF.3.A11","",,X,X,X,X,X,X,
"INF.3.A12","",X,X,X,,,,,
"INF.3.A13","A",,X,,,,,,X
"INF.3.A14","A",,X,X,,,,,
"INF.3.A15","A",,X,X,,,,,
"INF.3.A16","A",,X,X,,,X,X,
"INF.3.A17","A",X,,,,,,,
"INF.3.A18","A",,X,,,,,,
"ORP.5","CIA","G 0.29"
"ORP.5.A01","",X
"ORP.5.A02","",X
"ORP.5.A03","",X
"ORP.5.A04","",X
"ORP.5.A05","",X
"ORP.5.A06","",X
"ORP.5.A07","",
"ORP.5.A08","",X
"ORP.5.A09","",
"ORP.5.A10","",
"ORP.5.A11","",
"IND.1","CIA","G 0.05","G 0.06","G 0.09","G 0.11","G 0.14","G 0.15","G 0.18","G 0.19","G 0.20","G 0.21","G 0.23","G 0.28","G 0.29","G 0.30","G 0.32","G 0.36","G 0.37","G 0.39","G 0.41","G 0.42","G 0.46"
"IND.1.A01","",,,,,,,X,X,X,,,,X,X,,,,,,,
"IND.1.A02","",,X,,,X,,,X,,,,,,,,X,,X,,X,
"IND.1.A03","",,,,,X,,,,,,,,,,,,,X,X,,
"IND.1.A04","",,,X,,X,,,,,X,X,,,,X,,,,,,
"IND.1.A05","",,,X,X,,X,X,,,,,,,,,,,,,,
"IND.1.A06","",,,X,X,X,,,,,,,,,,,,X,,,,
"IND.1.A07","",,,,,,,,,,,,,,,X,X,X,,,,
"IND.1.A08","",,,,X,X,,,X,,X,X,,,X,,,,,,,
"IND.1.A09","",,,,,,,,X,,,,,,,,,,X,X,,X
"IND.1.A10","",,,,,,,,,,,,,,,X,,X,X,X,,
"IND.1.A11","",,,,,,,X,,X,,X,X,,,,,,,,,
"IND.1.A12","",,,,,,,,,,,X,X,,,,,,X,X,,
"IND.1.A13","A",X,X,X,X,,,,,,,,,,,,,,,X,,
"IND.1.A14","CIA",,,,,,,,,,,,,,X,X,X,,,,,
"IND.1.A15","CIA",,,,,,,,,,,,,,X,X,X,,,,,
"IND.1.A16","IA",,,,,,,,,,,X,,,,X,,,,X,,
"IND.1.A17","I",,,,,,,,,,,,,X,X,X,,,,,,
"INF.8","CIA","G 0.01","G 0.02","G 0.03","G 0.04","G 0.13","G 0.14","G 0.15","G 0.16","G 0.17","G 0.19","G 0.22","G 0.23","G 0.24","G 0.30","G 0.32","G 0.41","G 0.44"
"INF.8.A01","",,X,,X,,X,,X,X,X,X,,,,,X,
"INF.8.A02","",,,,,,X,,X,X,X,X,,,,,,
"INF.8.A03","",,,,,,,X,X,X,X,,,X,,X,X,X
"INF.8.A04","",X,X,X,X,X,X,X,X,,X,X,X,X,X,X,X,X
"INF.8.A05","",,,,,,X,,,X,X,,,,,,,
"INF.8.A06","CIA",X,X,X,X,X,X,X,X,X,X,X,X,X,X,X,X,X
"ORP.2","CIA","G 0.14","G 0.16","G 0.17","G 0.19","G 0.22","G 0.27","G 0.29","G 0.32","G 0.33","G 0.34","G 0.35","G 0.36","G 0.37","G 0.38","G 0.41","G 0.42","G 0.44","G 0.45","G 0.46"
"ORP.2.A01","",X,,,,,,X,,,,,,,X,,X,,X,X
"ORP.2.A02","",,X,,,,,,,,,,,,,,,X,X,X
"ORP.2.A03","",,,X,,,,X,,,,,,,X,,,,,
"ORP.2.A04","",,,X,,,,,,,,,,,,,,X,X,X
"ORP.2.A05","",X,X,X,X,X,X,X,X,X,,,,X,X,,,X,X,X
"ORP.2.A06","",X,,,,,,,,,,,X,,,,X,,,
"ORP.2.A07","",,X,,,,,X,,,,,,,,,X,,X,X
"ORP.2.A08","",,,,,,,,X,,,,,,,,,X,,
"ORP.2.A09","",,,,X,,X,,,,,,,,,X,X,,,
"ORP.2.A10","",,,,,X,X,,,,,,,,,X,,,,
"ORP.2.A11","CIA",,,,,,,X,,,X,X,,,,,X,,X,X
"ORP.2.A12","CIA",,,,,,,X,,,,,,,,,,,,
"ORP.2.A13","CIA",,,X,,,,,,X,,,,,,,X,,X,X
